{"Domains":[{"Name":"GeneXus.ProgressIndicatorType","Type":"numeric","Length":1,"Decimals":0,"IsPassword":"false","InputPicture":"9","EnumValues":[{"Value":"0","Name":"Indeterminate","Description":"Indeterminate"},{"Value":"1","Name":"Determinate","Description":"Determinate"}]},{"Name":"GeneXus.Common.ColorScheme","Type":"numeric","Length":4,"Decimals":0,"IsPassword":"false","InputPicture":"ZZZ9","EnumValues":[{"Value":"0","Name":"Unspecified","Description":"Unspecified"},{"Value":"1","Name":"Light","Description":"Light"},{"Value":"2","Name":"Dark","Description":"Dark"}]},{"Name":"GeneXus.Common.Notifications.FilterRelationType","Type":"numeric","Length":4,"Decimals":0,"IsPassword":"false","InputPicture":"ZZZ9","EnumValues":[{"Value":"1","Name":"Exists","Description":"Exists"},{"Value":"2","Name":"NotExists","Description":"Not Exists"},{"Value":"3","Name":"Equal","Description":"Equal"},{"Value":"4","Name":"NotEqual","Description":"Not Equal"},{"Value":"5","Name":"Greater","Description":"Greater"},{"Value":"6","Name":"Less","Description":"Less"}]},{"Name":"GeneXus.Common.Notifications.FilterOperation","Type":"numeric","Length":4,"Decimals":0,"IsPassword":"false","InputPicture":"ZZZ9","EnumValues":[{"Value":"1","Name":"OR","Description":"OR"},{"Value":"2","Name":"AND","Description":"AND"}]},{"Name":"GeneXus.Common.Notifications.TargetType","Type":"numeric","Length":4,"Decimals":0,"IsPassword":"false","InputPicture":"ZZZ9","EnumValues":[{"Value":"1","Name":"Everybody","Description":"Everybody"},{"Value":"2","Name":"Devices","Description":"Devices"},{"Value":"3","Name":"Groups","Description":"Groups"},{"Value":"4","Name":"Targets","Description":"Targets"}]},{"Name":"GeneXus.Common.Notifications.NotificationBadgeType","Type":"numeric","Length":4,"Decimals":0,"IsPassword":"false","InputPicture":"ZZZ9","EnumValues":[{"Value":"1","Name":"None","Description":"None"},{"Value":"2","Name":"SetTo","Description":"Set To"},{"Value":"3","Name":"Increase","Description":"Increase"}]},{"Name":"GeneXus.MessageTypes","Type":"numeric","Length":2,"Decimals":0,"IsPassword":"false","InputPicture":"Z9","EnumValues":[{"Value":"0","Name":"Warning","Description":"Warning"},{"Value":"1","Name":"Error","Description":"Error"},{"Value":"2","Name":"Info","Description":"Info"},{"Value":"3","Name":"Debug","Description":"Debug"}]},{"Name":"GeneXus.Url","Type":"varchar","Length":1000,"IsPassword":"false","InputPicture":"","RegularExpression":"^((?:[a-zA-Z]+:(//)?)?((?:(?:[a-zA-Z]([a-zA-Z0-9$\\-_@&+!*\"'(),]|%[0-9a-fA-F]{2})*)(?:\\.(?:([a-zA-Z0-9$\\-_@&+!*\"'(),]|%[0-9a-fA-F]{2})*))*)|(?:(\\d{1,3}\\.){3}\\d{1,3}))(?::\\d+)?(?:/([a-zA-Z0-9$\\-_@.&+!*\"'(),=;: ]|%[0-9a-fA-F]{2})+)*/?(?:[#?](?:[a-zA-Z0-9$\\-_@.&+!*\"'(),=;: /]|%[0-9a-fA-F]{2})*)?)?\\s*$","ValidationFailedMessage":"GXM_DoesNotMatchRegExp"},{"Name":"GeneXus.PushNotificationPriority","Type":"character","Length":20,"IsPassword":"false","InputPicture":"","EnumValues":[{"Value":"High","Name":"High","Description":"High"},{"Value":"Normal","Name":"Normal","Description":"Normal"}]},{"Name":"GeneXus.Common.Configuration.StorageProviderType","Type":"varchar","Length":100,"IsPassword":"false","InputPicture":"","EnumValues":[{"Value":"AMAZONS3","Name":"Amazon_S3","Description":"Amazon S3"},{"Value":"BOX","Name":"Box","Description":"Box Cloud Storage"},{"Value":"GOOGLE","Name":"Google_CloudStorage","Description":"Google Cloud Storage"},{"Value":"BLUEMIXSTORAGE","Name":"IBM_Bluemix","Description":"IBM Bluemix Storage (deprecated)"},{"Value":"IBMCOS","Name":"IBM_ObjectStorage","Description":"IBM Cloud Object Storage"},{"Value":"AZURESTORAGE","Name":"Microsoft_Azure","Description":"MIcrosoft Azure Storage"},{"Value":"OPENSTACKSTORAGE","Name":"OpenStack","Description":"Open Stack"}]},{"Name":"GeneXus.APIAuthorizationStatus","Type":"numeric","Length":1,"Decimals":0,"IsPassword":"false","InputPicture":"9","EnumValues":[{"Value":"0","Name":"NotDetermined","Description":"Not Determined"},{"Value":"1","Name":"Restricted","Description":"Restricted"},{"Value":"2","Name":"Denied","Description":"Denied"},{"Value":"3","Name":"Authorized","Description":"Authorized"},{"Value":"4","Name":"AuthorizedWhenInUse","Description":"Authorized When In Use"}]},{"Name":"GeneXus.Geolocation","Type":"character","Length":50,"IsPassword":"false","InputPicture":"","RegularExpression":"^\\s*(-?([0-8]?[0-9]\\.{1}\\d+|90\\.{1}0+)\\s*,\\s*-?([0-9]{1,2}\\.{1}\\d+|1[0-7][0-9]\\.{1}\\d+|180\\.{1}0+)\\s*)?$","ValidationFailedMessage":"GXM_DoesNotMatchRegExp"},{"Name":"GeneXus.Address","Type":"varchar","Length":1024,"IsPassword":"false","InputPicture":""},{"Name":"GeneXus.Common.MapType","Type":"numeric","Length":4,"Decimals":0,"IsPassword":"false","InputPicture":"ZZZ9","EnumValues":[{"Value":"1","Name":"Standard","Description":"Standard"},{"Value":"2","Name":"Satellite","Description":"Satellite"},{"Value":"3","Name":"Hybrid","Description":"Hybrid"}]},{"Name":"GeneXus.Common.TransportType","Type":"character","Length":20,"IsPassword":"false","InputPicture":"","EnumValues":[{"Value":"GXM_Any","Name":"Any","Description":"Any"},{"Value":"GXM_Driving","Name":"Driving","Description":"Driving"},{"Value":"GXM_Walking","Name":"Walking","Description":"Walking"},{"Value":"GXM_Transit","Name":"Transit","Description":"Transit"},{"Value":"GXM_Bicycling","Name":"Bicycling","Description":"Bicycling"}]},{"Name":"GeneXus.Common.RuntimeEnvironment","Type":"numeric","Length":4,"Decimals":0,"IsPassword":"false","InputPicture":"ZZZ9","EnumValues":[{"Value":"1","Name":"Server","Description":"Server"},{"Value":"2","Name":"Device","Description":"Device"},{"Value":"3","Name":"Browser","Description":"Browser"}]},{"Name":"GeneXus.Common.LogLevel","Type":"numeric","Length":4,"Decimals":0,"IsPassword":"false","InputPicture":"ZZZ9","EnumValues":[{"Value":"0","Name":"OFF","Description":"OFF"},{"Value":"5","Name":"DEBUG","Description":"DEBUG"},{"Value":"10","Name":"INFO","Description":"INFO"},{"Value":"15","Name":"WARNING","Description":"WARNING"},{"Value":"20","Name":"ERROR","Description":"ERROR"},{"Value":"30","Name":"FATAL","Description":"FATAL"}]},{"Name":"GeneXus.Common.DirectionsServiceProviders","Type":"varchar","Length":40,"IsPassword":"false","InputPicture":"","EnumValues":[{"Value":"Google","Name":"Google","Description":"Google"}]},{"Name":"GeneXus.Common.DynamicCallOption","Type":"varchar","Length":40,"IsPassword":"false","InputPicture":"","EnumValues":[{"Value":"entereffect","Name":"EnterEffect","Description":"Enter Effect"},{"Value":"exiteffect","Name":"ExitEffect","Description":"Exit Effect"},{"Value":"target","Name":"Target","Description":"Target"},{"Value":"targetheight","Name":"TargetHeight","Description":"Target Height"},{"Value":"targetsize","Name":"TargetSize","Description":"Target Size"},{"Value":"targetwidth","Name":"TargetWidth","Description":"Target Width"},{"Value":"type","Name":"Type","Description":"Type"}]},{"Name":"GeneXus.Common.LocationAccuracyAuthorization","Type":"numeric","Length":1,"Decimals":0,"IsPassword":"false","InputPicture":"9","EnumValues":[{"Value":"0","Name":"Unknown","Description":"Unknown"},{"Value":"1","Name":"Reduced","Description":"Reduced"},{"Value":"2","Name":"Full","Description":"Full"}]},{"Name":"GeneXus.Common.LocationAccuracy","Type":"numeric","Length":2,"Decimals":0,"Signed":true,"IsPassword":"false","InputPicture":"Z9","EnumValues":[{"Value":"0","Name":"Default","Description":"Default"},{"Value":"-1","Name":"Best","Description":"Best"},{"Value":"-2","Name":"BestForNavigation","Description":"BestForNavigation"},{"Value":"-3","Name":"NearestTenMeters","Description":"Nearest Ten Meters"},{"Value":"-4","Name":"HundredMeters","Description":"HundredMeters"},{"Value":"-5","Name":"Kilometer","Description":"Kilometer"},{"Value":"-6","Name":"ThreeKilometer","Description":"Three Kilometer"},{"Value":"-7","Name":"Reduced","Description":"Reduced"}]},{"Name":"GeneXus.Client.SocketStatus","Type":"numeric","Length":1,"Decimals":0,"IsPassword":"false","InputPicture":"9","EnumValues":[{"Value":"1","Name":"Connected","Description":"Connected"},{"Value":"0","Name":"Disconnected","Description":"Disconnected"}]},{"Name":"GeneXus.SmartDeviceType","Type":"numeric","Length":1,"Decimals":0,"IsPassword":"false","InputPicture":"9","EnumValues":[{"Value":"0","Name":"iOS","Description":"iOS"},{"Value":"1","Name":"Android","Description":"Android"},{"Value":"2","Name":"Blackberry","Description":"Blackberry"},{"Value":"3","Name":"Windows","Description":"Windows"}]},{"Name":"GeneXus.EventAction","Type":"numeric","Length":4,"Decimals":0,"IsPassword":"false","InputPicture":"ZZZ9","EnumValues":[{"Value":"1","Name":"INS","Description":"INS"},{"Value":"2","Name":"UPD","Description":"UPD"},{"Value":"3","Name":"DLT","Description":"DLT"}]},{"Name":"GeneXus.EventData","Type":"longvarchar","Length":2097152,"IsPassword":"false","InputPicture":""},{"Name":"GeneXus.EventStatus","Type":"numeric","Length":4,"Decimals":0,"IsPassword":"false","InputPicture":"ZZZ9","EnumValues":[{"Value":"1","Name":"Pending","Description":"Pending"},{"Value":"2","Name":"ProcessingServer","Description":"Processing Server"},{"Value":"3","Name":"ConfirmedServer","Description":"Confirmed Server"},{"Value":"4","Name":"RejectedServer","Description":"Rejected Server"},{"Value":"5","Name":"CanceledUser","Description":"Canceled User"},{"Value":"6","Name":"RejectedFK","Description":"Rejected FK"},{"Value":"7","Name":"RejectedInvalidBC","Description":"Rejected Invalid BC"}]},{"Name":"GeneXus.EventErrors","Type":"longvarchar","Length":2097152,"IsPassword":"false","InputPicture":""},{"Name":"GeneXus.SD.Store.StoreProductType","Type":"numeric","Length":4,"Decimals":0,"IsPassword":"false","InputPicture":"ZZZ9","EnumValues":[{"Value":"2","Name":"Subscription","Description":"Subscription"},{"Value":"1","Name":"Product","Description":"Product"}]},{"Name":"GeneXus.SD.Store.StorePurchaseStatus","Type":"numeric","Length":4,"Decimals":0,"IsPassword":"false","InputPicture":"ZZZ9","EnumValues":[{"Value":"0","Name":"Invalid","Description":"Invalid"},{"Value":"1","Name":"Valid","Description":"Valid"},{"Value":"2","Name":"Expired","Description":"Expired"},{"Value":"3","Name":"Cancelled","Description":"Cancelled"}]},{"Name":"GeneXus.SD.Store.StorePurchasePlatform","Type":"numeric","Length":4,"Decimals":0,"IsPassword":"false","InputPicture":"ZZZ9","EnumValues":[{"Value":"1","Name":"GooglePlay","Description":"Google Play"},{"Value":"2","Name":"iTunes","Description":"iTunes"},{"Value":"3","Name":"AppGallery","Description":"Huawei AppGallery"}]},{"Name":"GeneXus.SD.Store.StorePurchaseState","Type":"numeric","Length":1,"Decimals":0,"IsPassword":"false","InputPicture":"9","EnumValues":[{"Value":"1","Name":"Purchasing","Description":"Purchasing"},{"Value":"2","Name":"Purchased","Description":"Purchased"},{"Value":"3","Name":"Failed","Description":"Failed"},{"Value":"4","Name":"Restored","Description":"Restored"},{"Value":"5","Name":"Deferred","Description":"Deferred"}]},{"Name":"GeneXus.SD.Media.MediaMetadataKey","Type":"varchar","Length":50,"IsPassword":"false","InputPicture":"","EnumValues":[{"Value":"gx.media.metadata.artist","Name":"Artist","Description":"Artist"},{"Value":"gx.media.metadata.album","Name":"Album","Description":"Album"},{"Value":"gx.media.metadata.author","Name":"Author","Description":"Author"},{"Value":"gx.media.metadata.writer","Name":"Writer","Description":"Writer"},{"Value":"gx.media.metadata.composer","Name":"Composer","Description":"Composer"},{"Value":"gx.media.metadata.compilation","Name":"Compilation","Description":"Compilation"},{"Value":"gx.media.metadata.date","Name":"Date","Description":"Date"},{"Value":"gx.media.metadata.year","Name":"Year","Description":"Year"},{"Value":"gx.media.metadata.genre","Name":"Genre","Description":"Genre"},{"Value":"gx.media.metadata.tracknumber","Name":"TrackNumber","Description":"TrackNumber"},{"Value":"gx.media.metadata.numberoftracks","Name":"NumberOfTracks","Description":"NumberOfTracks"},{"Value":"gx.media.metadata.discnumber","Name":"DiscNumber","Description":"DiscNumber"},{"Value":"gx.media.metadata.albumartist","Name":"AlbumArtist","Description":"AlbumArtist"}]},{"Name":"GeneXus.SD.Media.MediaStreamType","Type":"numeric","Length":4,"Decimals":0,"IsPassword":"false","InputPicture":"ZZZ9","EnumValues":[{"Value":"0","Name":"None","Description":"None"},{"Value":"1","Name":"Buffered","Description":"Buffered"},{"Value":"2","Name":"Live","Description":"Live"}]},{"Name":"GeneXus.SD.Media.VideoFormat","Type":"numeric","Length":4,"Decimals":0,"IsPassword":"false","InputPicture":"ZZZ9","EnumValues":[{"Value":"101","Name":"MPEG4","Description":"MPEG-4"},{"Value":"102","Name":"ThirdGenPP","Description":"3GPP"},{"Value":"103","Name":"ThirdGenPP2","Description":"3GPP2"},{"Value":"201","Name":"QuickTime","Description":"QuickTime (iOS)"},{"Value":"202","Name":"M4V","Description":"iTunes (iOS)"}]},{"Name":"GeneXus.SD.Media.DeviceFolder","Type":"numeric","Length":4,"Decimals":0,"IsPassword":"false","InputPicture":"ZZZ9","EnumValues":[{"Value":"1","Name":"Downloads","Description":"Downloads"},{"Value":"2","Name":"Documents","Description":"Documents"}]},{"Name":"GeneXus.SD.Media.SaveMode","Type":"numeric","Length":4,"Decimals":0,"IsPassword":"false","InputPicture":"ZZZ9","EnumValues":[{"Value":"1","Name":"Rename","Description":"Rename"},{"Value":"2","Name":"Replace","Description":"Replace"},{"Value":"3","Name":"AskUser","Description":"Ask User"}]},{"Name":"GeneXus.CameraAPIQuality","Type":"numeric","Length":1,"Decimals":0,"IsPassword":"false","InputPicture":"9","EnumValues":[{"Value":"3","Name":"Low","Description":"Low"},{"Value":"5","Name":"Medium","Description":"Medium"},{"Value":"7","Name":"High","Description":"High"}]},{"Name":"GeneXus.AudioAPISessionType","Type":"numeric","Length":1,"Decimals":0,"IsPassword":"false","InputPicture":"9","EnumValues":[{"Value":"1","Name":"Background","Description":"Background"},{"Value":"2","Name":"Mix","Description":"Mix"},{"Value":"3","Name":"Solo","Description":"Solo"}]},{"Name":"GeneXus.MediaDuration","Type":"numeric","Length":12,"Decimals":0,"IsPassword":"false","InputPicture":"ZZZZZZZZZZZ9"},{"Name":"GeneXus.PlaybackState","Type":"numeric","Length":4,"Decimals":0,"IsPassword":"false","InputPicture":"ZZZ9","EnumValues":[{"Value":"0","Name":"None","Description":"None"},{"Value":"1","Name":"Stopped","Description":"Stopped"},{"Value":"2","Name":"Paused","Description":"Paused"},{"Value":"3","Name":"Playing","Description":"Playing"},{"Value":"4","Name":"Error","Description":"Error"},{"Value":"5","Name":"Transitional","Description":"Transitional"}]},{"Name":"GeneXus.MediaFinishReason","Type":"numeric","Length":4,"Decimals":0,"IsPassword":"false","InputPicture":"ZZZ9","EnumValues":[{"Value":"0","Name":"Unknown","Description":"Unknown"},{"Value":"1","Name":"PlaybackCompleted","Description":"Playback Completed"},{"Value":"2","Name":"Stopped","Description":"Stopped"},{"Value":"3","Name":"Skipped","Description":"Skipped"},{"Value":"4","Name":"QueueReplaced","Description":"Queue Replaced"}]},{"Name":"GeneXus.SD.Offline.ResultCode","Type":"numeric","Length":4,"Decimals":0,"IsPassword":"false","InputPicture":"ZZZ9","EnumValues":[{"Value":"0","Name":"Success","Description":"Success"},{"Value":"1","Name":"AppNotOffline","Description":"Application is not Offline"},{"Value":"2","Name":"IncorrectPath","Description":"Incorrect path / Backup file not found"},{"Value":"3","Name":"DatabaseStructure","Description":"Database structure does not match"},{"Value":"9","Name":"InternalError","Description":"Internal error"}]},{"Name":"GeneXus.SD.DeviceAuthenticationPolicy","Type":"numeric","Length":1,"Decimals":0,"IsPassword":"false","InputPicture":"9","EnumValues":[{"Value":"0","Name":"Any","Description":"Any"},{"Value":"1","Name":"Biometrics","Description":"Biometrics"}]},{"Name":"GeneXus.SD.CardDetectionMode","Type":"numeric","Length":1,"Decimals":0,"IsPassword":"false","InputPicture":"9","EnumValues":[{"Value":"0","Name":"ImageAndNumber","Description":"Image & number"},{"Value":"1","Name":"ImageOnly","Description":"Image only"},{"Value":"2","Name":"Automatic","Description":"Automatic"}]},{"Name":"GeneXus.SD.CreditCardType","Type":"character","Length":20,"IsPassword":"false","InputPicture":"","EnumValues":[{"Value":"unrecognized","Name":"Unrecognized","Description":"Unrecognized"},{"Value":"ambiguous","Name":"Ambiguous","Description":"Ambiguous"},{"Value":"amex","Name":"Amex","Description":"Amex"},{"Value":"JCB","Name":"JCB","Description":"JCB"},{"Value":"visa","Name":"Visa","Description":"Visa"},{"Value":"mastercard","Name":"Mastercard","Description":"Mastercard"},{"Value":"discover","Name":"Discover","Description":"Discover"},{"Value":"maestro","Name":"Maestro","Description":"Maestro"},{"Value":"diners","Name":"DinersClub","Description":"Diners Club"}]},{"Name":"GeneXus.SD.RegionStatus","Type":"numeric","Length":4,"Decimals":0,"IsPassword":"false","InputPicture":"ZZZ9","EnumValues":[{"Value":"1","Name":"Queued","Description":"Queued"},{"Value":"2","Name":"Downloading","Description":"Downloading"},{"Value":"3","Name":"Downloaded","Description":"Downloaded"},{"Value":"4","Name":"Paused","Description":"Paused"},{"Value":"5","Name":"Canceled","Description":"Canceled"}]},{"Name":"GeneXus.SD.FetchStatus","Type":"numeric","Length":4,"Decimals":0,"Signed":true,"IsPassword":"false","InputPicture":"ZZZ9","EnumValues":[{"Value":"-1","Name":"None","Description":"None"},{"Value":"0","Name":"Success","Description":"Success"},{"Value":"1","Name":"Failure","Description":"Failure"}]},{"Name":"GeneXus.SD.OneTimeCode","Type":"varchar","Length":40,"IsPassword":"false","InputPicture":""},{"Name":"GeneXus.SD.MobileSettingsOptions","Type":"varchar","Length":40,"IsPassword":"false","InputPicture":"","EnumValues":[{"Value":"AirplaneMode","Name":"AirplaneMode","Description":"Airplane Mode"},{"Value":"Bluetooth","Name":"Bluetooth","Description":"Bluetooth"},{"Value":"Display","Name":"Display","Description":"Display"},{"Value":"Location","Name":"Location","Description":"Location"},{"Value":"Media","Name":"Media","Description":"Media"},{"Value":"Network","Name":"Network","Description":"Network"},{"Value":"Notifications","Name":"Notifications","Description":"Notifications"},{"Value":"Sound","Name":"Sound","Description":"Sound"},{"Value":"Wifi","Name":"Wifi","Description":"Wifi"}]},{"Name":"GeneXus.SD.MobileSettings","Type":"varchar","Length":40,"IsPassword":"false","InputPicture":"","EnumValues":[{"Value":"General","Name":"General","Description":"General"},{"Value":"Application","Name":"Application","Description":"Application"}]},{"Name":"GeneXus.ObjectName","Type":"varchar","Length":256,"IsPassword":"false","InputPicture":""},{"Name":"GeneXus.Email","Type":"varchar","Length":100,"IsPassword":"false","InputPicture":"","RegularExpression":"^((\\w+([-+.']\\w+)*@\\w+([-.]\\w+)*\\.\\w+([-.]\\w+)*)|(\\s*))$","ValidationFailedMessage":"GXM_DoesNotMatchRegExp"},{"Name":"GeneXus.Phone","Type":"character","Length":20,"IsPassword":"false","InputPicture":""},{"Name":"GeneXus.Time","Type":"datetime","Length":0,"Decimals":5,"IsPassword":"false","InputPicture":"99:99"},{"Name":"GeneXus.ApplicationState","Type":"numeric","Length":1,"Decimals":0,"IsPassword":"false","InputPicture":"9","EnumValues":[{"Value":"0","Name":"Active","Description":"Active"},{"Value":"1","Name":"Inactive","Description":"Inactive"},{"Value":"2","Name":"Background","Description":"Background"},{"Value":"3","Name":"NotRunning","Description":"Not Running"}]},{"Name":"GeneXus.BarcodeType","Type":"varchar","Length":40,"IsPassword":"false","InputPicture":"","EnumValues":[{"Value":"UPC-E","Name":"UPC_E","Description":"UPC-E Code"},{"Value":"Code39","Name":"Code39","Description":"Code 39 Code"},{"Value":"Code39Mod43","Name":"Code39Mod43","Description":"Code 39 mod 43 Code"},{"Value":"EAN-13","Name":"EAN_13","Description":"EAN-13 Code"},{"Value":"EAN-8","Name":"EAN_8","Description":"EAN-8 Code"},{"Value":"Code93","Name":"Code93","Description":"Code 93 Code"},{"Value":"Code128","Name":"Code128","Description":"Code 128 Code"},{"Value":"Interleaved2of5","Name":"Interleaved2of5","Description":"Interleaved 2 of 5 Code"},{"Value":"ITF-14","Name":"ITF_14","Description":"ITF-14 Code"},{"Value":"PDF417","Name":"PDF417","Description":"PDF417 Code"},{"Value":"QR","Name":"QR","Description":"QR Code"},{"Value":"Aztec","Name":"Aztec","Description":"Aztec Code"},{"Value":"DataMatrix","Name":"DataMatrix","Description":"Data Matrix Code"}]},{"Name":"GeneXus.NetworkAPIConnectionType","Type":"numeric","Length":1,"Decimals":0,"IsPassword":"false","InputPicture":"9","EnumValues":[{"Value":"0","Name":"None","Description":"None"},{"Value":"1","Name":"WiFi","Description":"WiFi"},{"Value":"2","Name":"WAN","Description":"WAN"},{"Value":"3","Name":"Roaming","Description":"Roaming"}]},{"Name":"GeneXus.RegionState","Type":"numeric","Length":1,"Decimals":0,"IsPassword":"false","InputPicture":"9","EnumValues":[{"Value":"0","Name":"Unknown","Description":"Unknown"},{"Value":"1","Name":"Inside","Description":"Inside"},{"Value":"2","Name":"Outside","Description":"Outside"}]},{"Name":"GeneXus.BeaconProximity","Type":"numeric","Length":1,"Decimals":0,"IsPassword":"false","InputPicture":"9","EnumValues":[{"Value":"0","Name":"Unknown","Description":"Unknown"},{"Value":"1","Name":"Inmediate","Description":"Inmediate"},{"Value":"2","Name":"Near","Description":"Near"},{"Value":"3","Name":"Far","Description":"Far"}]},{"Name":"GeneXus.Rotation","Type":"numeric","Length":1,"Decimals":0,"IsPassword":"false","InputPicture":"9","EnumValues":[{"Value":"0","Name":"No","Description":"No"},{"Value":"1","Name":"Left","Description":"Left"},{"Value":"2","Name":"Right","Description":"Right"}]},{"Name":"GeneXus.Permission","Type":"varchar","Length":40,"IsPassword":"false","InputPicture":"","EnumValues":[{"Value":"AppleMusic","Name":"AppleMusic","Description":"Apple Music"},{"Value":"Bluetooth","Name":"Bluetooth","Description":"Bluetooth"},{"Value":"Calendar","Name":"Calendar","Description":"Calendar"},{"Value":"Camera","Name":"Camera","Description":"Camera"},{"Value":"Contacts","Name":"Contacts","Description":"Contacts"},{"Value":"FaceId","Name":"FaceId","Description":"Face Id"},{"Value":"HealthShare","Name":"HealthShare","Description":"Health Share"},{"Value":"HelathUpdate","Name":"HelathUpdate","Description":"Helath Update"},{"Value":"HomeKit","Name":"HomeKit","Description":"Home Kit"},{"Value":"LocalNetwork","Name":"LocalNetwork","Description":"Local Network"},{"Value":"LocationAlways","Name":"LocationAlways","Description":"Location Always"},{"Value":"LocationBackground","Name":"LocationBackground","Description":"Location Background"},{"Value":"LocationCoarse","Name":"LocationCoarse","Description":"Location Coarse"},{"Value":"LocationFine","Name":"LocationFine","Description":"Location Fine"},{"Value":"LocationTemporary","Name":"LocationTemporary","Description":"Location Temporary"},{"Value":"LocationWhenInUse","Name":"LocationWhenInUse","Description":"Location When In Use"},{"Value":"Microphone","Name":"Microphone","Description":"Microphone"},{"Value":"Motion","Name":"Motion","Description":"Motion"},{"Value":"NFC","Name":"NFC","Description":"NFC"},{"Value":"Notifications","Name":"Notifications","Description":"Notifications"},{"Value":"Reminders","Name":"Reminders","Description":"Reminders"},{"Value":"Siri","Name":"Siri","Description":"Siri"},{"Value":"SpeechRecognition","Name":"SpeechRecognition","Description":"Speech Recognition"},{"Value":"Storage","Name":"Storage","Description":"Storage"},{"Value":"UserTracking","Name":"UserTracking","Description":"User Tracking"}]},{"Name":"GeneXus.OAuth.v2.AccessTokenProvider","Type":"varchar","Length":10000,"IsPassword":"false","InputPicture":"","EnumValues":[{"Value":"https://oauth2.googleapis.com/token","Name":"Google","Description":"Refresh access token URL for Google"},{"Value":"https://login.microsoftonline.com/common/oauth2/v2.0/token","Name":"Microsoft_common","Description":"Refresh access token URL for MS with tenant common"},{"Value":"https://login.microsoftonline.com/organizations/oauth2/v2.0/token","Name":"Microsoft_organizations","Description":"Refresh access token URL for MS with tenant organizations"},{"Value":"https://login.microsoftonline.com/consumers/oauth2/v2.0/token","Name":"Microsoft_consumers","Description":"Refresh access token URL for MS with tenant consumers"}]},{"Name":"GeneXus.IMEMode","Type":"character","Length":40,"IsPassword":"false","InputPicture":"","EnumValues":[{"Value":"hiragana","Name":"Hiragana","Description":"Hiragana"},{"Value":"full width katakana","Name":"FullWidthKatakana","Description":"FullWidthKatakana"},{"Value":"full width alphanumeric","Name":"FullWidthAlphanumeric","Description":"FullWidthAlphanumeric"},{"Value":"half width katakana","Name":"HalfWidthKatakana","Description":"HalfWidthKatakana"},{"Value":"half width alphanumeric","Name":"HalfWidthAlphanumeric","Description":"HalfWidthAlphanumeric"},{"Value":"disabled","Name":"Disabled","Description":"Disabled"},{"Value":"inactive","Name":"Inactive","Description":"Inactive"}]},{"Name":"GeneXus.Encoding","Type":"character","Length":256,"IsPassword":"false","InputPicture":"","EnumValues":[{"Value":"US-ASCII","Name":"ASCII","Description":"ASCII"},{"Value":"Big5","Name":"Big5","Description":"Big5"},{"Value":"Big5-HKSCS","Name":"Big5_HKSCS","Description":"Big5-HKSCS"},{"Value":"EUC-JP","Name":"EUC_JP","Description":"EUC-JP"},{"Value":"EUC-KR","Name":"EUC_KR","Description":"EUC-KR"},{"Value":"GB18030","Name":"GB18030","Description":"GB18030"},{"Value":"GB2312","Name":"GB2312","Description":"GB2312"},{"Value":"GBK","Name":"GBK","Description":"GBK"},{"Value":"IBM850","Name":"IBM850","Description":"IBM850"},{"Value":"ISO-2022-JP","Name":"ISO_2022_JP","Description":"ISO-2022-JP"},{"Value":"ISO-8859-1","Name":"ISO_8859_1","Description":"ISO-8859-1"},{"Value":"ISO-8859-10","Name":"ISO_8859_10","Description":"ISO-8859-10"},{"Value":"ISO-8859-13","Name":"ISO_8859_13","Description":"ISO-8859-13"},{"Value":"ISO-8859-15","Name":"ISO_8859_15","Description":"ISO-8859-15"},{"Value":"ISO-8859-16","Name":"ISO_8859_16","Description":"ISO-8859-16"},{"Value":"ISO-8859-2","Name":"ISO_8859_2","Description":"ISO-8859-2"},{"Value":"ISO-8859-3","Name":"ISO_8859_3","Description":"ISO-8859-3"},{"Value":"ISO-8859-4","Name":"ISO_8859_4","Description":"ISO-8859-4"},{"Value":"ISO-8859-5","Name":"ISO_8859_5","Description":"ISO-8859-5"},{"Value":"ISO-8859-6","Name":"ISO_8859_6","Description":"ISO-8859-6"},{"Value":"ISO-8859-7","Name":"ISO_8859_7","Description":"ISO-8859-7"},{"Value":"ISO-8859-8","Name":"ISO_8859_8","Description":"ISO-8859-8"},{"Value":"ISO-8859-9","Name":"ISO_8859_9","Description":"ISO-8859-9"},{"Value":"KOI8-R","Name":"KOI8_R","Description":"KOI8-R"},{"Value":"KOI8-U","Name":"KOI8_U","Description":"KOI8-U"},{"Value":"KS_C_5601-1987","Name":"KS_C_5601_1987","Description":"KS_C_5601-1987"},{"Value":"Shift_JIS","Name":"Shift_JIS","Description":"Shift_JIS"},{"Value":"TIS-620","Name":"TIS_620","Description":"TIS-620"},{"Value":"UTF-32","Name":"UTF_32","Description":"UTF-32"},{"Value":"UTF-32 BOM","Name":"UTF_32_BOM","Description":"UTF-32 BOM"},{"Value":"UTF-32BE BOM","Name":"UTF_32BE_BOM","Description":"UTF-32BE BOM"},{"Value":"UTF-32LE BOM","Name":"UTF_32LE_BOM","Description":"UTF-32LE BOM"},{"Value":"UTF-8","Name":"UTF_8","Description":"UTF-8"},{"Value":"UTF-8 BOM","Name":"UTF_8_BOM","Description":"UTF-8 BOM"},{"Value":"Windows-1250","Name":"Windows_1250","Description":"Windows-1250"},{"Value":"Windows-1251","Name":"Windows_1251","Description":"Windows-1251"},{"Value":"Windows-1252","Name":"Windows_1252","Description":"Windows-1252"},{"Value":"Windows-1253","Name":"Windows_1253","Description":"Windows-1253"},{"Value":"Windows-1254","Name":"Windows_1254","Description":"Windows-1254"},{"Value":"Windows-1255","Name":"Windows_1255","Description":"Windows-1255"},{"Value":"Windows-1256","Name":"Windows_1256","Description":"Windows-1256"},{"Value":"Windows-1257","Name":"Windows_1257","Description":"Windows-1257"},{"Value":"Windows-1258","Name":"Windows_1258","Description":"Windows-1258"},{"Value":"Windows-31J","Name":"Windows_31J","Description":"Windows-31J"},{"Value":"Windows-874","Name":"Windows_874","Description":"Windows-874"},{"Value":"UTF-16BE BOM","Name":"UTF_16BE_BOM","Description":"UTF-16BE BOM"},{"Value":"UTF-16LE BOM","Name":"UTF_16LE_BOM","Description":"UTF-16LE BOM"}]},{"Name":"GeneXus.Timezones","Type":"character","Length":60,"IsPassword":"false","InputPicture":"","EnumValues":[{"Value":"Africa/Cairo","Name":"Cairo","Description":"Africa/Cairo"},{"Value":"Africa/Johannesburg","Name":"Johannesburg","Description":"Africa/Johannesburg"},{"Value":"Africa/Lagos","Name":"Lagos","Description":"Africa/Lagos"},{"Value":"America/Anchorage","Name":"Anchorage","Description":"America/Anchorage"},{"Value":"America/Argentina/Buenos_Aires","Name":"Buenos_Aires","Description":"America/Argentina/Buenos_Aires"},{"Value":"America/Asuncion","Name":"Asuncion","Description":"America/Asuncion"},{"Value":"America/Bogota","Name":"Bogota","Description":"America/Bogota"},{"Value":"America/Caracas","Name":"Caracas","Description":"America/Caracas"},{"Value":"America/Chicago","Name":"Chicago","Description":"America/Chicago"},{"Value":"America/Denver","Name":"Denver","Description":"America/Denver"},{"Value":"America/Godthab","Name":"Godthab","Description":"America/Godthab"},{"Value":"America/Guatemala","Name":"Guatemala","Description":"America/Guatemala"},{"Value":"America/Halifax","Name":"Halifax","Description":"America/Halifax"},{"Value":"America/Los_Angeles","Name":"Los_Angeles","Description":"America/Los_Angeles"},{"Value":"America/Mexico_City","Name":"Mexico_City","Description":"America/Mexico_City"},{"Value":"America/Montevideo","Name":"Montevideo","Description":"America/Montevideo"},{"Value":"America/New_York","Name":"New_York","Description":"America/New_York"},{"Value":"America/Noronha","Name":"Noronha","Description":"America/Noronha"},{"Value":"America/Phoenix","Name":"Phoenix","Description":"America/Phoenix"},{"Value":"America/Santiago","Name":"Santiago","Description":"America/Santiago"},{"Value":"America/Santo_Domingo","Name":"Santo_Domingo","Description":"America/Santo_Domingo"},{"Value":"America/Sao_Paulo","Name":"Sao_Paulo","Description":"America/Sao_Paulo"},{"Value":"America/St_Johns","Name":"St_Johns","Description":"America/St_Johns"},{"Value":"Asia/Baghdad","Name":"Baghdad","Description":"Asia/Baghdad"},{"Value":"Asia/Beirut","Name":"Beirut","Description":"Asia/Beirut"},{"Value":"Asia/Damascus","Name":"Damascus","Description":"Asia/Damascus"},{"Value":"Asia/Dhaka","Name":"Dhaka","Description":"Asia/Dhaka"},{"Value":"Asia/Dubai","Name":"Dubai","Description":"Asia/Dubai"},{"Value":"Asia/Jerusalem","Name":"Jerusalem","Description":"Asia/Jerusalem"},{"Value":"Asia/Kabul","Name":"Kabul","Description":"Asia/Kabul"},{"Value":"Asia/Karachi","Name":"Karachi","Description":"Asia/Karachi"},{"Value":"Asia/Katmandu","Name":"Katmandu","Description":"Asia/Katmandu"},{"Value":"Asia/Kolkata","Name":"Kolkata","Description":"Asia/Kolkata"},{"Value":"Asia/Rangoon","Name":"Rangoon","Description":"Asia/Rangoon"},{"Value":"Asia/Shanghai","Name":"Shanghai","Description":"Asia/Shanghai"},{"Value":"Asia/Tehran","Name":"Tehran","Description":"Asia/Tehran"},{"Value":"Asia/Tokyo","Name":"Tokyo","Description":"Asia/Tokyo"},{"Value":"Asia/Yerevan","Name":"Yerevan","Description":"Asia/Yerevan"},{"Value":"Atlantic/Azores","Name":"Azores","Description":"Atlantic/Azores"},{"Value":"Atlantic/Cape_Verde","Name":"Cape_Verde","Description":"Atlantic/Cape_Verde"},{"Value":"Australia/Adelaide","Name":"Adelaide","Description":"Australia/Adelaide"},{"Value":"Australia/Brisbane","Name":"Brisbane","Description":"Australia/Brisbane"},{"Value":"Australia/Darwin","Name":"Darwin","Description":"Australia/Darwin"},{"Value":"Australia/Sydney","Name":"Sydney","Description":"Australia/Sydney"},{"Value":"Etc/GMT_12","Name":"GMT_12","Description":"Etc/GMT_12"},{"Value":"Etc/GMT_2","Name":"GMT_2","Description":"Etc/GMT_2"},{"Value":"Etc/UTC","Name":"UTC","Description":"Etc/UTC"},{"Value":"Europe/Berlin","Name":"Berlin","Description":"Europe/Berlin"},{"Value":"Europe/Helsinki","Name":"Helsinki","Description":"Europe/Helsinki"},{"Value":"Europe/Istanbul","Name":"Istanbul","Description":"Europe/Istanbul"},{"Value":"Europe/London","Name":"London","Description":"Europe/London"},{"Value":"Pacific/Auckland","Name":"Auckland","Description":"Pacific/Auckland"},{"Value":"Pacific/Honolulu","Name":"Honolulu","Description":"Pacific/Honolulu"},{"Value":"Pacific/Noumea","Name":"Noumea","Description":"Pacific/Noumea"},{"Value":"Pacific/Tongatapu","Name":"Tongatapu","Description":"Pacific/Tongatapu"}]},{"Name":"GeneXus.Effect","Type":"character","Length":20,"IsPassword":"false","InputPicture":"","EnumValues":[{"Value":"gx_default","Name":"Default","Description":"Default"},{"Value":"gx_curl_up","Name":"CurlUp","Description":"Curl Up (iOS Only)"},{"Value":"gx_curl_down","Name":"CurlDown","Description":"Curl Down (iOS Only)"},{"Value":"gx_flip_from_left","Name":"FlipFromLeft","Description":"Flip From Left (iOS only)"},{"Value":"gx_flip_from_right","Name":"FlipFromRight","Description":"Flip From Right (iOS only)"},{"Value":"gx_slide_down","Name":"SlideDown","Description":"Slide Down"},{"Value":"gx_slide_up","Name":"SlideUp","Description":"Slide Up"},{"Value":"gx_slide_left","Name":"SlideLeft","Description":"Slide Left"},{"Value":"gx_slide_right","Name":"SlideRight","Description":"Slide Right"},{"Value":"gx_push_down","Name":"PushDown","Description":"Push Down"},{"Value":"gx_push_up","Name":"PushUp","Description":"Push Up"},{"Value":"gx_push_left","Name":"PushLeft","Description":"Push Left"},{"Value":"gx_push_right","Name":"PushRight","Description":"Push Right"},{"Value":"gx_fade","Name":"Fade","Description":"Fade"},{"Value":"gx_none","Name":"None","Description":"None"}]},{"Name":"GeneXus.CallType","Type":"character","Length":20,"IsPassword":"false","InputPicture":"","EnumValues":[{"Value":"Popup","Name":"Popup","Description":"Popup"},{"Value":"Replace","Name":"Replace","Description":"Replace"},{"Value":"Push","Name":"Push","Description":"Push"},{"Value":"Callout","Name":"Callout","Description":"Callout"}]},{"Name":"GeneXus.CryptoEncryptAlgorithm","Type":"character","Length":40,"IsPassword":"false","InputPicture":"","EnumValues":[{"Value":"Rijndael","Name":"Rijndael","Description":"Rijndael"},{"Value":"DES","Name":"DES","Description":"DES"},{"Value":"TripleDES","Name":"TripleDES","Description":"Triple DES"}]},{"Name":"GeneXus.CryptoHashAlgorithm","Type":"character","Length":40,"IsPassword":"false","InputPicture":"","EnumValues":[{"Value":"MD5","Name":"MD5","Description":"MD5"},{"Value":"SHA1","Name":"SHA1","Description":"SHA1"},{"Value":"SHA256","Name":"SHA256","Description":"SHA256"},{"Value":"SHA384","Name":"SHA384","Description":"SHA384"},{"Value":"SHA512","Name":"SHA512","Description":"SHA512"},{"Value":"HMACMD5","Name":"HMACMD5","Description":"HMAC MD5"},{"Value":"HMACSHA1","Name":"HMACSHA1","Description":"HMAC SHA1"},{"Value":"HMACSHA256","Name":"HMACSHA256","Description":"HMAC SHA256"},{"Value":"HMACSHA384","Name":"HMACSHA384","Description":"HMAC SHA384"},{"Value":"HMACSHA512","Name":"HMACSHA512","Description":"HMAC SHA512"}]},{"Name":"GeneXus.CryptoSignAlgorithm","Type":"character","Length":40,"IsPassword":"false","InputPicture":"","EnumValues":[{"Value":"MD5 RSA","Name":"MD5withRSA","Description":"MD5 with RSA"},{"Value":"SHA1 RSA","Name":"SHA1withRSA","Description":"SHA1with RSA"},{"Value":"SHA256 RSA","Name":"SHA256withRSA","Description":"SHA256with RSA"},{"Value":"SHA512 RSA","Name":"SHA512withRSA","Description":"SHA512with RSA"}]},{"Name":"GeneXus.TrnMode","Type":"character","Length":3,"IsPassword":"false","InputPicture":"","EnumValues":[{"Value":"INS","Name":"Insert","Description":"Insert"},{"Value":"UPD","Name":"Update","Description":"Update"},{"Value":"DLT","Name":"Delete","Description":"Delete"},{"Value":"DSP","Name":"Display","Description":"Display"}]},{"Name":"GeneXus.Component","Type":"varchar","Length":1000,"Domain":"GeneXus.Url","IsPassword":"false","InputPicture":""},{"Name":"GeneXus.Html","Type":"longvarchar","Length":2097152,"IsPassword":"false","InputPicture":""},{"Name":"GeneXus.RecentLinksOptions","Type":"numeric","Length":4,"Decimals":0,"IsPassword":"false","InputPicture":"ZZZ9","EnumValues":[{"Value":"8","Name":"Size","Description":"Size"}]},{"Name":"GeneXus.CallTargetSize","Type":"character","Length":10,"IsPassword":"false","InputPicture":"","EnumValues":[{"Value":"Small","Name":"Small","Description":"Small"},{"Value":"Medium","Name":"Medium","Description":"Medium"},{"Value":"Large","Name":"Large","Description":"Large"}]},{"Name":"GeneXus.EventExecution","Type":"numeric","Length":1,"Decimals":0,"IsPassword":"false","InputPicture":"9","EnumValues":[{"Value":"1","Name":"OnNotificationArrive","Description":"On Notification Arrive"},{"Value":"0","Name":"OnLauchByUser","Description":"On Lauch By User"}]},{"Name":"GeneXus.SynchronizationReceiveResult","Type":"numeric","Length":4,"Decimals":0,"IsPassword":"false","InputPicture":"ZZZ9","EnumValues":[{"Value":"0","Name":"OK","Description":"OK"},{"Value":"1","Name":"SyncNotNeeded","Description":"Synchronization Not Needed"},{"Value":"2","Name":"AppNotOffline","Description":"Application Is Not Offline"},{"Value":"3","Name":"HasPendingEvents","Description":"Has Pending Events"},{"Value":"8","Name":"AlreadyRunning","Description":"Already Running"},{"Value":"51","Name":"ServerError1","Description":"Server Error 1"},{"Value":"52","Name":"ServerError2","Description":"Server Error 2"},{"Value":"53","Name":"ServerError3","Description":"Server Error 3"},{"Value":"99","Name":"UnknownError","Description":"Unknown Error"}]},{"Name":"GeneXus.HttpMethod","Type":"character","Length":7,"IsPassword":"false","InputPicture":"","EnumValues":[{"Value":"GET","Name":"Get","Description":"Get"},{"Value":"POST","Name":"Post","Description":"Post"},{"Value":"PUT","Name":"Put","Description":"Put"},{"Value":"DELETE","Name":"Delete","Description":"Delete"},{"Value":"OPTIONS","Name":"Options","Description":"Options"},{"Value":"HEAD","Name":"Head","Description":"Head"},{"Value":"TRACE","Name":"Trace","Description":"Trace"},{"Value":"CONNECT","Name":"Connect","Description":"Connect"},{"Value":"PATCH","Name":"Patch","Description":"Patch"}]},{"Name":"GeneXus.HttpAuthenticationType","Type":"numeric","Length":4,"Decimals":0,"IsPassword":"false","InputPicture":"ZZZ9","EnumValues":[{"Value":"0","Name":"Basic","Description":"Basic"},{"Value":"1","Name":"Digest","Description":"Digest"},{"Value":"2","Name":"NTLM","Description":"NTLM"},{"Value":"3","Name":"Kerberos","Description":"Kerberos"},{"Value":"4","Name":"OAuth","Description":"OAuth"}]},{"Name":"GeneXus.CommonCallTarget","Type":"character","Length":20,"IsPassword":"false","InputPicture":"","EnumValues":[{"Value":"content","Name":"Content","Description":"Content"},{"Value":"left","Name":"Left","Description":"Left"},{"Value":"right","Name":"Right","Description":"Right"},{"Value":"top","Name":"Top","Description":"Top"},{"Value":"bottom","Name":"Bottom","Description":"Bottom"},{"Value":"blank","Name":"Blank","Description":"Blank"}]},{"Name":"GeneXus.FlexDirection","Type":"character","Length":20,"IsPassword":"false","InputPicture":"","EnumValues":[{"Value":"row","Name":"Row","Description":"Row"},{"Value":"row-reverse","Name":"RowReverse","Description":"Row Reverse"},{"Value":"column","Name":"Column","Description":"Column"},{"Value":"column-reverse","Name":"ColumnReverse","Description":"Column Reverse"}]},{"Name":"GeneXus.FlexWrap","Type":"character","Length":20,"IsPassword":"false","InputPicture":"","EnumValues":[{"Value":"nowrap","Name":"NoWrap","Description":"No Wrap"},{"Value":"wrap","Name":"Wrap","Description":"Wrap"},{"Value":"wrap-reverse","Name":"WrapReverse","Description":"Wrap Reverse"}]},{"Name":"GeneXus.FlexJustifyContent","Type":"character","Length":20,"IsPassword":"false","InputPicture":"","EnumValues":[{"Value":"flex-start","Name":"FlexStart","Description":"Flex Start"},{"Value":"flex-end","Name":"FlexEnd","Description":"Flex End"},{"Value":"center","Name":"Center","Description":"Center"},{"Value":"space-between","Name":"SpaceBetween","Description":"Space Between"},{"Value":"space-around","Name":"SpaceAround","Description":"Space Around"}]},{"Name":"GeneXus.FlexAlignItems","Type":"character","Length":20,"IsPassword":"false","InputPicture":"","EnumValues":[{"Value":"stretch","Name":"Stretch","Description":"Stretch"},{"Value":"flex-start","Name":"FlexStart","Description":"FlexStart"},{"Value":"flex-end","Name":"FlexEnd","Description":"Flex End"},{"Value":"center","Name":"Center","Description":"Center"},{"Value":"baseline","Name":"Baseline","Description":"Baseline"}]},{"Name":"GeneXus.FlexAlignContent","Type":"character","Length":20,"IsPassword":"false","InputPicture":"","EnumValues":[{"Value":"stretch","Name":"Stretch","Description":"Stretch"},{"Value":"flex-start","Name":"FlexStart","Description":"Flex Start"},{"Value":"flex-end","Name":"FlexEnd","Description":"Flex End"},{"Value":"center","Name":"Center","Description":"Center"},{"Value":"space-between","Name":"SpaceBetween","Description":"Space Between"},{"Value":"space-around","Name":"SpaceAround","Description":"Space Around"}]},{"Name":"GeneXus.CompareKind","Type":"character","Length":4,"IsPassword":"false","InputPicture":"","EnumValues":[{"Value":"=","Name":"Equal","Description":"Equal"},{"Value":">","Name":"Greater","Description":"Greater"},{"Value":">=","Name":"GreaterOrEqual","Description":"Greater Or Equal"},{"Value":"<","Name":"Less","Description":"Less"},{"Value":"<=","Name":"LessOrEqual","Description":"Less Or Equal"},{"Value":"<>","Name":"NotEqual","Description":"Not Equal"},{"Value":"like","Name":"Like","Description":"Like"}]},{"Name":"GeneXus.VerticalPosition","Type":"character","Length":20,"IsPassword":"false","InputPicture":"","EnumValues":[{"Value":"top","Name":"Top","Description":"Top"},{"Value":"middle","Name":"Middle","Description":"Middle"},{"Value":"bottom","Name":"Bottom","Description":"Bottom"}]},{"Name":"GeneXus.HorizontalPosition","Type":"character","Length":20,"IsPassword":"false","InputPicture":"","EnumValues":[{"Value":"left","Name":"Left","Description":"Left"},{"Value":"center","Name":"Center","Description":"Center"},{"Value":"right","Name":"Right","Description":"Right"}]},{"Name":"GeneXus.ServiceProtocol","Type":"numeric","Length":4,"Decimals":0,"IsPassword":"false","InputPicture":"ZZZ9","EnumValues":[{"Value":"1","Name":"Rest","Description":"ReST"},{"Value":"2","Name":"Grpc","Description":"GRPC"}]},{"Name":"GeneXus.Protocol","Type":"numeric","Length":4,"Decimals":0,"IsPassword":"false","InputPicture":"ZZZ9","EnumValues":[{"Value":"1","Name":"Rest","Description":"ReST"},{"Value":"2","Name":"Grpc","Description":"GRPC"}]},{"Name":"GeneXusUnanimo.Title","Type":"varchar","Length":100,"IsPassword":"false","InputPicture":""},{"Name":"GeneXusUnanimo.Description","Type":"varchar","Length":200,"IsPassword":"false","InputPicture":""},{"Name":"GeneXusUnanimo.Code","Type":"varchar","Length":100,"IsPassword":"false","InputPicture":""},{"Name":"GeneXusUnanimo.AlertType","Type":"varchar","Length":100,"IsPassword":"false","InputPicture":"","EnumValues":[{"Value":"info","Name":"info","Description":"Info"},{"Value":"warning","Name":"warning","Description":"Warning"},{"Value":"success","Name":"success","Description":"Success"},{"Value":"error","Name":"error","Description":"Error"}]},{"Name":"GeneXusUnanimo.AlertPosition","Type":"varchar","Length":100,"IsPassword":"false","InputPicture":"","EnumValues":[{"Value":"User defined","Name":"userDefined","Description":"User defined"},{"Value":"Fixed to bottom","Name":"fixedToBottom","Description":"Fixed to bottom"}]},{"Name":"General.Page","Type":"numeric","Length":4,"Decimals":0,"IsPassword":"false","InputPicture":"ZZZ9","EnumValues":[{"Value":"10","Name":"Rows","Description":"Rows"}]},{"Name":"General.TabCode","Type":"character","Length":50,"IsPassword":"false","InputPicture":""}]}