{"Files":[{"Name":"GeneXusUnanimo.Unanimo_SourceSansPro-Light_ttf","Location":"GeneXusUnanimo.Unanimo_SourceSansPro-Light_ttf.ttf"},{"Name":"GeneXusUnanimo.Unanimo_SourceSansPro-Regular_ttf","Location":"GeneXusUnanimo.Unanimo_SourceSansPro-Regular_ttf.ttf"},{"Name":"GeneXusUnanimo.Unanimo_SourceSansPro-SemiBold_ttf","Location":"GeneXusUnanimo.Unanimo_SourceSansPro-SemiBold_ttf.ttf"},{"Name":"GeneXusUnanimo.Unanimo_SourceSansPro-Bold_ttf","Location":"GeneXusUnanimo.Unanimo_SourceSansPro-Bold_ttf.ttf"}]}