{

"GxObject":{"ObjectType":"BusinessComponent","Name":"General.Cliente","idConnectivitySupport":"idInherit","Structure":{"Levels":[{"Name":"Cliente","ParentLevel":"","LevelName":"General.Cliente","Description":"Cliente","Attributes":[{"Name":"CustomerID","Caption":"Customer ID","default":"0","AutoNumber":"true","IsKey":"true","ReadOnly":"false","AttributeType":"int","Description":"Customer ID","Length":"4","Decimals":"0","Signed":"false","AllowDBNulls":"false","InternalName":"CustomerID","InputPicture":"ZZZ9","Type":"xs:int"},{"Name":"CustomerName","Caption":"Customer Name","default":"","IsKey":"false","ReadOnly":"false","AttributeType":"char","Description":"Customer Name","Length":"20","Decimals":"0","Signed":"false","AllowDBNulls":"false","InternalName":"CustomerName","DescriptionAtt":"true","InputPicture":"","Type":"xs:string"},{"Name":"CustomerAddress","Caption":"Customer Address","default":"","IsKey":"false","ReadOnly":"false","AttributeType":"svchar","Description":"Customer Address","Length":"1024","Decimals":"0","Signed":"false","AllowDBNulls":"false","Domain":"GeneXus\\Address","InternalName":"CustomerAddress","InputPicture":"","Type":"xs:string"},{"Name":"CustomerEmail","Caption":"Customer Email","default":"","IsKey":"false","ReadOnly":"false","AttributeType":"svchar","Description":"Customer Email","Length":"100","Decimals":"0","Signed":"false","AllowDBNulls":"false","RegularExpression":"^((\\w+([-+.']\\w+)*@\\w+([-.]\\w+)*\\.\\w+([-.]\\w+)*)|(\\s*))$","Domain":"GeneXus\\Email","InternalName":"CustomerEmail","InputPicture":"","Type":"xs:string"}]}]},"Relations":{"ManyToOne":{"references":[]}}}
}
