{

"GxObject":{"ObjectType":"BusinessComponent","Name":"General.Transaction1","idConnectivitySupport":"idInherit","Structure":{"Levels":[{"Name":"Transaction1","ParentLevel":"","LevelName":"General.Transaction1","Description":"Transaction1","Attributes":[{"Name":"InvoiceID","Caption":"Invoice ID","default":"0","AutoNumber":"true","IsKey":"true","ReadOnly":"false","AttributeType":"int","Description":"Invoice ID","Length":"4","Decimals":"0","Signed":"false","AllowDBNulls":"false","InternalName":"InvoiceID","InputPicture":"ZZZ9","Type":"xs:int"},{"Name":"InvoiceDate","Caption":"Invoice Date","default":"","IsKey":"false","ReadOnly":"false","AttributeType":"date","Description":"Invoice Date","Length":"8","Decimals":"0","Signed":"false","AllowDBNulls":"false","InternalName":"InvoiceDate","DescriptionAtt":"true","InputPicture":"99/99/99","Type":"xs:string"},{"Name":"CustomerID","Caption":"Customer ID","default":"0","IsKey":"false","ReadOnly":"false","AttributeType":"int","Description":"Customer ID","Length":"4","Decimals":"0","Signed":"false","AllowDBNulls":"false","InternalName":"CustomerID","InputPicture":"ZZZ9","Type":"xs:int"},{"Name":"CustomerName","Caption":"Customer Name","default":"","IsKey":"false","ReadOnly":"true","AttributeType":"char","Description":"Customer Name","Length":"20","Decimals":"0","Signed":"false","AllowDBNulls":"true","InternalName":"CustomerName","InputPicture":"","Type":"xs:string"},{"Name":"InvoiceSubtotal","Caption":"Invoice Subtotal","default":"0","IsKey":"false","ReadOnly":"true","AttributeType":"int","Description":"Invoice Subtotal","Length":"7","Decimals":"2","Signed":"false","AllowDBNulls":"true","InternalName":"InvoiceSubtotal","InputPicture":"ZZZZ9.99","Type":"xs:decimal"},{"Name":"InvoiceTax","Caption":"Invoice Tax","default":"0","IsKey":"false","ReadOnly":"true","AttributeType":"int","Description":"Invoice Tax","Length":"7","Decimals":"2","Signed":"false","AllowDBNulls":"true","InternalName":"InvoiceTax","InputPicture":"ZZZZ9.99","Type":"xs:decimal"},{"Name":"InvoiceTotal","Caption":"Invoice Total","default":"0","IsKey":"false","ReadOnly":"true","AttributeType":"int","Description":"Invoice Total","Length":"7","Decimals":"2","Signed":"false","AllowDBNulls":"true","InternalName":"InvoiceTotal","InputPicture":"ZZZZ9.99","Type":"xs:decimal"}]},{"Name":"Transaction1product","ParentLevel":"Transaction1","LevelName":"Product","Description":"Product","Attributes":[{"Name":"InvoiceID","Caption":"Invoice ID","default":"0","IsKey":"true","ReadOnly":"true","AttributeType":"int","Description":"Invoice ID","Length":"4","Decimals":"0","Signed":"false","AllowDBNulls":"false","InternalName":"InvoiceID","InputPicture":"ZZZ9","Type":"xs:int"},{"Name":"ProductID","Caption":"Product ID","default":"0","IsKey":"true","ReadOnly":"false","AttributeType":"int","Description":"Product ID","Length":"4","Decimals":"0","Signed":"false","AllowDBNulls":"false","InternalName":"ProductID","InputPicture":"ZZZ9","Type":"xs:int"},{"Name":"ProductName","Caption":"Product Name","default":"","IsKey":"false","ReadOnly":"false","AttributeType":"char","Description":"Product Name","Length":"20","Decimals":"0","Signed":"false","AllowDBNulls":"false","InternalName":"ProductName","DescriptionAtt":"true","InputPicture":"","Type":"xs:string"},{"Name":"ProductPrice","Caption":"Product Price","default":"0","IsKey":"false","ReadOnly":"false","AttributeType":"int","Description":"Product Price","Length":"7","Decimals":"2","Signed":"false","AllowDBNulls":"false","InternalName":"ProductPrice","InputPicture":"ZZZZ9.99","Type":"xs:decimal"},{"Name":"InvoiceProductQuantity","Caption":"Invoice Product Quantity","default":"0","IsKey":"false","ReadOnly":"false","AttributeType":"int","Description":"Invoice Product Quantity","Length":"4","Decimals":"0","Signed":"false","AllowDBNulls":"false","InternalName":"InvoiceProductQuantity","InputPicture":"ZZZ9","Type":"xs:int"},{"Name":"InvoiceProductTotal","Caption":"Invoice Product Total","default":"0","IsKey":"false","ReadOnly":"true","AttributeType":"int","Description":"Invoice Product Total","Length":"7","Decimals":"2","Signed":"false","AllowDBNulls":"true","InternalName":"InvoiceProductTotal","InputPicture":"ZZZZ9.99","Type":"xs:decimal"}]}]},"Relations":{"ManyToOne":{"references":[{"Name":"General\\Transaction1InvoiceID","BusinessComponent":"General\\Transaction1","LevelName":"General.Transaction1","Description":"Transaction1","ForeignKey":{"KeyAttributes":[{"Name":"InvoiceID","Type":"int"}]},"InferredAttributes":{"Attributes":[{"Name":"InvoiceSubtotal","Type":"decimal"}]}},{"Name":"General\\ClienteCustomerID","BusinessComponent":"General\\Cliente","LevelName":"General.Transaction1","Description":"Cliente","ForeignKey":{"KeyAttributes":[{"Name":"CustomerID","Type":"int"}]},"InferredAttributes":{"Attributes":[{"Name":"CustomerName","Type":"char"}]}}]}}}
}
