{ 
    "Tokens" : [ { 
        "Values" : { 
            "borders_extra-small" : "1dip",
            "borders_small" : "2dip",
            "fonts_primary-light" : "SourceSansPro-Light",
            "fonts_primary-regular" : "SourceSansPro-Regular",
            "fonts_primary-semibold" : "SourceSansPro-SemiBold",
            "fonts_primary-bold" : "SourceSansPro-Bold",
            "fontsizes_xs" : "11dip",
            "fontsizes_s" : "14dip",
            "fontsizes_m" : "18dip",
            "fontsizes_l" : "22dip",
            "fontsizes_xl" : "28dip",
            "opacity_s" : "0.1",
            "opacity_m" : "0.25",
            "opacity_l" : "0.5",
            "radius_xs" : "1dip",
            "radius_s" : "2dip",
            "radius_m" : "3dip",
            "radius_l" : "4dip",
            "radius_xl" : "6dip",
            "shadows_xxxs" : "0px 1px 1px 0px rgba(0, 0, 0, 0.14)",
            "shadows_xxs" : "0px 2px 2px 0px rgba(0, 0, 0, 0.14)",
            "shadows_xs" : "0px 3px 4px 0px rgba(0, 0, 0, 0.14)",
            "shadows_s" : "0px 4px 5px 0px rgba(0, 0, 0, 0.14)",
            "shadows_m" : "0px 6px 10px 0px rgba(0, 0, 0, 0.14)",
            "shadows_l" : "0px 8px 10px 1px rgba(0, 0, 0, 0.14)",
            "shadows_xl" : "0px 9px 12px 1px rgba(0, 0, 0, 0.14)",
            "shadows_xxl" : "0px 12px 17px 2px rgba(0, 0, 0, 0.14)",
            "spacing_inset-xs" : "4dip",
            "spacing_inset-s" : "8dip",
            "spacing_inset-m" : "16dip",
            "spacing_inset-l" : "32dip",
            "spacing_stack-xs" : "2dip",
            "spacing_stack-s" : "4dip",
            "spacing_stack-m" : "8dip",
            "spacing_stack-l" : "16dip",
            "spacing_stack-xl" : "24dip",
            "spacing_stack-xxl" : "32dip",
            "spacing_stack-xxxl" : "64dip",
            "spacing_stack-xxxxl" : "128dip",
            "spacing_inline-xs" : "2dip",
            "spacing_inline-m" : "4dip",
            "spacing_inline-l" : "8dip",
            "spacing_inline-xl" : "16dip",
            "spacing_inline-xxl" : "24dip",
            "spacing_inline-xxxl" : "32dip",
            "spacing_letter-spacing-xs" : "0.2dip",
            "spacing_letter-spacing-s" : "0.4dip",
            "spacing_letter-spacing-m" : "0.8dip",
            "spacing_letter-spacing-l" : "1.6dip",
            "spacing_letter-spacing-xl" : "3.2dip"
        }
    }, { 
        "Options" : { 
            "color-scheme" : "light"
        },
        "Values" : { 
            "colors_primary" : "#696EF2",
            "colors_header-separator-bg" : "#696EF2",
            "colors_primary-enabled" : "#696EF2",
            "colors_border-primary-enabled" : "#696EF2",
            "colors_secondary" : "#13142C",
            "colors_sidebar-bg" : "#13142C",
            "colors_header-bg" : "#13142C",
            "colors_secondary-enabled" : "#13142C",
            "colors_border-secondary-enabled" : "#13142C",
            "colors_surface" : "#FFFFFF",
            "colors_elevation-01" : "#FFFFFF",
            "colors_elevation-02" : "#FFFFFF",
            "colors_elevation-03" : "#FFFFFF",
            "colors_elevation-04" : "#FFFFFF",
            "colors_form-container-bg" : "#FFFFFF",
            "colors_attribute-bg" : "#FFFFFF",
            "colors_attribute-select-bg" : "#FFFFFF",
            "colors_overlay-bg" : "#FFFFFF",
            "colors_on-primary" : "#FFFFFF",
            "colors_on-secondary" : "#FFFFFF",
            "colors_alt-surface" : "#F3F4F6",
            "colors_footer-actions-bg" : "#F3F4F6",
            "colors_surface-negative" : "#121212",
            "colors_on-alert" : "#121212",
            "colors_row-active" : "#696EF233",
            "colors_primary-active" : "#3015B0",
            "colors_border-primary-active" : "#3015B0",
            "colors_primary-hover" : "#413CD4",
            "colors_border-primary-hover" : "#413CD4",
            "colors_primary-hover-20" : "#D9DAF3",
            "colors_secondary-active" : "#2A2C5F",
            "colors_item-active" : "#2A2C5F",
            "colors_border-secondary-active" : "#2A2C5F",
            "colors_secondary-hover" : "#202143",
            "colors_item-hover" : "#202143",
            "colors_border-secondary-hover" : "#202143",
            "colors_gray01" : "#E0E0E0",
            "colors_row-hover" : "#E0E0E0",
            "colors_border-gray-01" : "#E0E0E0",
            "colors_gray02" : "#C3C4C8",
            "colors_on-disabled" : "#C3C4C8",
            "colors_border-gray-02" : "#C3C4C8",
            "colors_gray03" : "#939498",
            "colors_primary-disabled" : "#939498",
            "colors_secondary-disabled" : "#939498",
            "colors_border-primary-disabled" : "#939498",
            "colors_border-secondary-disabled" : "#939498",
            "colors_border-tertiary-disabled" : "#939498",
            "colors_border-gray-03" : "#939498",
            "colors_gray04" : "#575965",
            "colors_border-gray-04" : "#575965",
            "colors_error-dark" : "#F02031",
            "colors_border-error" : "#F02031",
            "colors_error-light" : "#FFEAEE",
            "colors_warning-dark" : "#FF8000",
            "colors_border-warning" : "#FF8000",
            "colors_warning-light" : "#FFE7E6",
            "colors_success-dark" : "#02A08B",
            "colors_border-success" : "#02A08B",
            "colors_success-light" : "#E1F3F1",
            "colors_destructive" : "#F44336",
            "colors_zebra-grid" : "#FAFAFA",
            "colors_on-background" : "#000000"
        }
    }, { 
        "Options" : { 
            "color-scheme" : "dark"
        },
        "Values" : { 
            "colors_primary" : "#A9ACF8",
            "colors_primary-enabled" : "#A9ACF8",
            "colors_border-primary-enabled" : "#A9ACF8",
            "colors_secondary" : "#34334E",
            "colors_secondary-enabled" : "#34334E",
            "colors_border-secondary-enabled" : "#34334E",
            "colors_surface" : "#121212",
            "colors_on-primary" : "#121212",
            "colors_alt-surface" : "#1C1C1E",
            "colors_attribute-select-bg" : "#1C1C1E",
            "colors_surface-negative" : "#FFFFFF",
            "colors_on-alert" : "#FFFFFF",
            "colors_elevation-01" : "#242426",
            "colors_sidebar-bg" : "#242426",
            "colors_header-bg" : "#242426",
            "colors_form-container-bg" : "#242426",
            "colors_footer-actions-bg" : "#242426",
            "colors_elevation-02" : "#2C2C2E",
            "colors_overlay-bg" : "#2C2C2E",
            "colors_elevation-03" : "#353537",
            "colors_elevation-04" : "#3E3E40",
            "colors_item-hover" : "#3E3E40",
            "colors_row-hover" : "#3E3E40",
            "colors_attribute-bg" : "#FFFFFF00",
            "colors_primary-active" : "#858AF6",
            "colors_border-primary-active" : "#858AF6",
            "colors_primary-hover" : "#CCCCFB",
            "colors_border-primary-hover" : "#CCCCFB",
            "colors_primary-hover-20" : "#5A5EDC33",
            "colors_secondary-active" : "#666483",
            "colors_border-secondary-active" : "#666483",
            "colors_secondary-hover" : "#53516E",
            "colors_border-secondary-hover" : "#53516E",
            "colors_gray01" : "#575965",
            "colors_item-active" : "#575965",
            "colors_row-active" : "#575965",
            "colors_header-separator-bg" : "#575965",
            "colors_border-gray-04" : "#575965",
            "colors_gray02" : "#939498",
            "colors_on-disabled" : "#939498",
            "colors_border-gray-03" : "#939498",
            "colors_gray03" : "#C3C4C8",
            "colors_primary-disabled" : "#C3C4C8",
            "colors_secondary-disabled" : "#C3C4C8",
            "colors_border-primary-disabled" : "#C3C4C8",
            "colors_border-secondary-disabled" : "#C3C4C8",
            "colors_border-gray-02" : "#C3C4C8",
            "colors_gray04" : "#E0E0E0",
            "colors_border-gray-01" : "#E0E0E0",
            "colors_error-dark" : "#F9464E",
            "colors_border-error" : "#F9464E",
            "colors_error-light" : "#FFEAEE",
            "colors_warning-dark" : "#FFAB13",
            "colors_border-warning" : "#FFAB13",
            "colors_warning-light" : "#FFE7E6",
            "colors_success-dark" : "#50BEAE",
            "colors_border-success" : "#50BEAE",
            "colors_success-light" : "#E1F3F1",
            "colors_destructive" : "#EF5350",
            "colors_zebra-grid" : "#323234",
            "colors_on-secondary" : "#E9E9E9",
            "colors_on-background" : "#E9E9E9"
        }
    } ],
    "TokensDefaultOptions" : { 
        "color-scheme" : "light"
    },
    "Styles" : [ { 
        "Name" : "Attribute",
        "sd_height_withPercentage" : "28dip",
        "height" : "28dip",
        "max-width" : "100%",
        "font_family" : "$fonts_primary-regular",
        "font_size" : "$fontsizes_s",
        "padding-inline-start" : "$spacing_inset-s",
        "padding-inline-end" : "$spacing_inset-s",
        "border_width" : "1dip",
        "border_style" : "solid",
        "border_color" : "$colors_gray04",
        "color" : "$colors_on-background",
        "background_color" : "$colors_attribute-bg",
        "BackgroundColor" : "$colors_attribute-bg",
        "SDPageControllerBackgroundColor" : "$colors_attribute-bg",
        "border_top_left_radius" : "$radius_l",
        "border_top_right_radius" : "$radius_l",
        "border_bottom_right_radius" : "$radius_l",
        "border_bottom_left_radius" : "$radius_l",
        "ThemeAttributeFocusedClassReference" : "AttributeFocusedClass",
        "ReadonlyAttributeClassReference" : "ROAttribute",
        "ThemeLabelClassReference" : "attribute-label"
    }, { 
        "Name" : "ROAttribute",
        "sd_height_withPercentage" : "28dip",
        "height" : "28dip",
        "max-width" : "100%",
        "font_family" : "$fonts_primary-regular",
        "font_size" : "$fontsizes_s",
        "border_width" : "1dip",
        "border_color" : "$colors_gray04",
        "border_top_left_radius" : "$radius_l",
        "border_top_right_radius" : "$radius_l",
        "border_bottom_right_radius" : "$radius_l",
        "border_bottom_left_radius" : "$radius_l",
        "padding-inline-start" : "0px",
        "padding-inline-end" : "0px",
        "color" : "$colors_on-background",
        "background_color" : "#FFFFFF00",
        "BackgroundColor" : "#FFFFFF00",
        "SDPageControllerBackgroundColor" : "#FFFFFF00",
        "overflow-wrap" : "anywhere",
        "border_style" : "none",
        "ThemeAttributeFocusedClassReference" : "AttributeFocusedClass",
        "ReadonlyAttributeClassReference" : "ROAttribute",
        "ThemeLabelClassReference" : "attribute-label"
    }, { 
        "Name" : "AttributeFocusedClass",
        "border_color" : "$colors_secondary-enabled",
        "box-shadow" : "0px 0px 0px 1px #13142c"
    }, { 
        "Name" : "AttributeSearch",
        "sd_height_withPercentage" : "28dip",
        "height" : "28dip",
        "max-width" : "100%",
        "font_family" : "$fonts_primary-regular",
        "font_size" : "$fontsizes_s",
        "padding-inline-end" : "$spacing_inset-s",
        "border_width" : "1dip",
        "border_style" : "solid",
        "background_color" : "$colors_attribute-bg",
        "BackgroundColor" : "$colors_attribute-bg",
        "SDPageControllerBackgroundColor" : "$colors_attribute-bg",
        "padding-inline-start" : "25px",
        "border_color" : "$colors_gray04",
        "color" : "$colors_on-background",
        "border_top_left_radius" : "$radius_l",
        "border_top_right_radius" : "$radius_l",
        "border_bottom_right_radius" : "$radius_l",
        "border_bottom_left_radius" : "$radius_l",
        "background_image" : "9fb193d9-64a4-4d30-b129-ff7c76830f7e-GeneXusUnanimo_search",
        "background-repeat" : "no-repeat",
        "background-position" : "1px",
        "ThemeAttributeFocusedClassReference" : "AttributeFocusedClass",
        "ReadonlyAttributeClassReference" : "ROAttribute",
        "ThemeLabelClassReference" : "attribute-label"
    }, { 
        "Name" : "Button",
        "white-space" : "normal",
        "sd_height_withPercentage" : "28dip",
        "height" : "28dip",
        "padding-inline-start" : "$spacing_inset-m",
        "padding-inline-end" : "$spacing_inset-m",
        "border_top_left_radius" : "$radius_s",
        "border_top_right_radius" : "$radius_s",
        "border_bottom_right_radius" : "$radius_s",
        "border_bottom_left_radius" : "$radius_s",
        "min-width" : "80px",
        "background_color" : "$colors_primary",
        "BackgroundColor" : "$colors_primary",
        "SDPageControllerBackgroundColor" : "$colors_primary",
        "font_size" : "$fontsizes_s",
        "font_family" : "$fonts_primary-semibold",
        "color" : "$colors_on-primary",
        "font_all_caps" : "true",
        "border" : "none"
    }, { 
        "Name" : "button-primary",
        "background_color" : "$colors_primary",
        "BackgroundColor" : "$colors_primary",
        "SDPageControllerBackgroundColor" : "$colors_primary",
        "font_size" : "$fontsizes_s",
        "font_family" : "$fonts_primary-semibold",
        "color" : "$colors_on-primary",
        "font_all_caps" : "true",
        "border" : "none",
        "ThemeButtonHoveredClassReference" : "button-primary--hover",
        "ThemeButtonFocusedClassReference" : "button-primary--focused",
        "ThemeButtonHighlightedClassReference" : "button-primary--active",
        "ThemeButtonDisabledClassReference" : "button-primary--disabled"
    }, { 
        "Name" : "button-primary--hover",
        "background_color" : "$colors_primary-hover",
        "BackgroundColor" : "$colors_primary-hover",
        "SDPageControllerBackgroundColor" : "$colors_primary-hover"
    }, { 
        "Name" : "button-primary--active",
        "background_color" : "$colors_primary-active",
        "BackgroundColor" : "$colors_primary-active",
        "SDPageControllerBackgroundColor" : "$colors_primary-active",
        "box-shadow" : "none",
        "outline" : "none"
    }, { 
        "Name" : "button-primary--focused",
        "background_color" : "$colors_primary",
        "BackgroundColor" : "$colors_primary",
        "SDPageControllerBackgroundColor" : "$colors_primary",
        "outline-width" : "$borders_small",
        "outline-style" : "solid",
        "outline-color" : "$colors_secondary-enabled",
        "outline-offset" : "-2px"
    }, { 
        "Name" : "button-primary--disabled",
        "background_color" : "$colors_gray03",
        "BackgroundColor" : "$colors_gray03",
        "SDPageControllerBackgroundColor" : "$colors_gray03",
        "color" : "$colors_on-disabled",
        "cursor" : "auto"
    }, { 
        "Name" : "button-secondary",
        "background_color" : "#FFFFFF00",
        "BackgroundColor" : "#FFFFFF00",
        "SDPageControllerBackgroundColor" : "#FFFFFF00",
        "font_size" : "$fontsizes_s",
        "font_family" : "$fonts_primary-semibold",
        "color" : "$colors_primary",
        "font_all_caps" : "true",
        "border" : "none",
        "ThemeButtonHoveredClassReference" : "button-secondary--hover",
        "ThemeButtonFocusedClassReference" : "button-secondary--focused",
        "ThemeButtonHighlightedClassReference" : "button-secondary--active",
        "ThemeButtonDisabledClassReference" : "button-secondary--disabled"
    }, { 
        "Name" : "button-secondary--hover",
        "background_color" : "$colors_primary-hover-20",
        "BackgroundColor" : "$colors_primary-hover-20",
        "SDPageControllerBackgroundColor" : "$colors_primary-hover-20"
    }, { 
        "Name" : "button-secondary--focused",
        "border" : "none",
        "background_color" : "#FFFFFF00",
        "BackgroundColor" : "#FFFFFF00",
        "SDPageControllerBackgroundColor" : "#FFFFFF00",
        "outline-width" : "$borders_small",
        "outline-style" : "solid",
        "outline-color" : "$colors_secondary-enabled",
        "outline-offset" : "-2px",
        "color" : "$colors_primary"
    }, { 
        "Name" : "button-secondary-focused-highlighted",
        "outline" : "none",
        "background_color" : "#FFFFFF00",
        "BackgroundColor" : "#FFFFFF00",
        "SDPageControllerBackgroundColor" : "#FFFFFF00"
    }, { 
        "Name" : "button-secondary--active",
        "color" : "$colors_secondary-active",
        "outline" : "none",
        "background_color" : "#FFFFFF00",
        "BackgroundColor" : "#FFFFFF00",
        "SDPageControllerBackgroundColor" : "#FFFFFF00",
        "box-shadow" : "none",
        "AttributeFocused" : "button-secondary-focused-highlighted"
    }, { 
        "Name" : "button-secondary--disabled",
        "color" : "$colors_gray03",
        "background_color" : "#FFFFFF00",
        "BackgroundColor" : "#FFFFFF00",
        "SDPageControllerBackgroundColor" : "#FFFFFF00",
        "cursor" : "auto"
    }, { 
        "Name" : "button-tertiary",
        "background_color" : "#FFFFFF00",
        "BackgroundColor" : "#FFFFFF00",
        "SDPageControllerBackgroundColor" : "#FFFFFF00",
        "font_size" : "$fontsizes_s",
        "font_family" : "$fonts_primary-semibold",
        "color" : "$colors_primary",
        "font_all_caps" : "true",
        "border_style" : "solid",
        "border_width" : "$borders_extra-small",
        "border_color" : "$colors_border-primary-enabled",
        "ThemeButtonHoveredClassReference" : "button-tertiary--hover",
        "ThemeButtonFocusedClassReference" : "button-tertiary--focused",
        "ThemeButtonHighlightedClassReference" : "button-tertiary--active",
        "ThemeButtonDisabledClassReference" : "button-tertiary--disabled"
    }, { 
        "Name" : "button-tertiary--hover",
        "background_color" : "#696EF219",
        "BackgroundColor" : "#696EF219",
        "SDPageControllerBackgroundColor" : "#696EF219"
    }, { 
        "Name" : "button-tertiary--focused",
        "outline" : "none",
        "outline-width" : "$borders_small",
        "outline-style" : "solid",
        "outline-color" : "$colors_secondary-enabled",
        "outline-offset" : "-2px"
    }, { 
        "Name" : "button-tertiary--active",
        "border_color" : "$colors_border-primary-active",
        "color" : "$colors_primary-active",
        "box-shadow" : "none",
        "outline" : "none"
    }, { 
        "Name" : "button-tertiary--disabled",
        "color" : "$colors_gray03",
        "border_color" : "$colors_border-tertiary-disabled",
        "border_style" : "solid",
        "border_width" : "$borders_extra-small",
        "background_color" : "#FFFFFF00",
        "BackgroundColor" : "#FFFFFF00",
        "SDPageControllerBackgroundColor" : "#FFFFFF00",
        "cursor" : "auto"
    }, { 
        "Name" : "button-primary-destructive",
        "font_size" : "$fontsizes_s",
        "font_family" : "$fonts_primary-semibold",
        "font_all_caps" : "true",
        "border" : "none",
        "background_color" : "$colors_destructive",
        "BackgroundColor" : "$colors_destructive",
        "SDPageControllerBackgroundColor" : "$colors_destructive",
        "color" : "$colors_surface",
        "ThemeButtonDisabledClassReference" : "button-primary--disabled",
        "ThemeButtonHoveredClassReference" : "button-primary-destructive--hover",
        "ThemeButtonFocusedClassReference" : "button-primary-destructive--focused",
        "ThemeButtonHighlightedClassReference" : "button-primary-destructive--active"
    }, { 
        "Name" : "button-primary-destructive--hover",
        "background_color" : "#D32F2B",
        "BackgroundColor" : "#D32F2B",
        "SDPageControllerBackgroundColor" : "#D32F2B"
    }, { 
        "Name" : "button-primary-destructive--focused",
        "background_color" : "$colors_destructive",
        "BackgroundColor" : "$colors_destructive",
        "SDPageControllerBackgroundColor" : "$colors_destructive",
        "outline-width" : "$borders_small",
        "outline-style" : "solid",
        "outline-color" : "$colors_secondary-enabled",
        "outline-offset" : "-2px"
    }, { 
        "Name" : "button-primary-destructive--active",
        "background_color" : "#A02622",
        "BackgroundColor" : "#A02622",
        "SDPageControllerBackgroundColor" : "#A02622"
    }, { 
        "Name" : "button-secondary-destructive",
        "background_color" : "#FFFFFF00",
        "BackgroundColor" : "#FFFFFF00",
        "SDPageControllerBackgroundColor" : "#FFFFFF00",
        "font_size" : "$fontsizes_s",
        "font_family" : "$fonts_primary-semibold",
        "font_all_caps" : "true",
        "border" : "none",
        "color" : "$colors_destructive",
        "ThemeButtonDisabledClassReference" : "button-secondary--disabled",
        "ThemeButtonHoveredClassReference" : "button-secondary-destructive--hover",
        "ThemeButtonFocusedClassReference" : "button-secondary-destructive--focused",
        "ThemeButtonHighlightedClassReference" : "button-secondary-destructive--active"
    }, { 
        "Name" : "button-secondary-destructive--hover",
        "background_color" : "#FF665940",
        "BackgroundColor" : "#FF665940",
        "SDPageControllerBackgroundColor" : "#FF665940"
    }, { 
        "Name" : "button-secondary-destructive--active",
        "background_color" : "#FFFFFF00",
        "BackgroundColor" : "#FFFFFF00",
        "SDPageControllerBackgroundColor" : "#FFFFFF00",
        "color" : "#A02622"
    }, { 
        "Name" : "button-secondary-destructive--focused",
        "background_color" : "#FFFFFF00",
        "BackgroundColor" : "#FFFFFF00",
        "SDPageControllerBackgroundColor" : "#FFFFFF00",
        "color" : "$colors_destructive",
        "outline-width" : "$borders_small",
        "outline-style" : "solid",
        "outline-color" : "$colors_secondary-enabled",
        "outline-offset" : "-2px"
    }, { 
        "Name" : "button-tertiary-destructive",
        "background_color" : "#FFFFFF00",
        "BackgroundColor" : "#FFFFFF00",
        "SDPageControllerBackgroundColor" : "#FFFFFF00",
        "font_size" : "$fontsizes_s",
        "font_family" : "$fonts_primary-semibold",
        "font_all_caps" : "true",
        "border_style" : "solid",
        "border_width" : "$borders_extra-small",
        "color" : "$colors_destructive",
        "border_color" : "$colors_destructive",
        "ThemeButtonDisabledClassReference" : "button-tertiary--disabled",
        "ThemeButtonHoveredClassReference" : "button-secondary-destructive--hover",
        "ThemeButtonFocusedClassReference" : "button-secondary-destructive--focused",
        "ThemeButtonHighlightedClassReference" : "button-secondary-destructive--active"
    }, { 
        "Name" : "button-rounded",
        "background_color" : "$colors_primary",
        "BackgroundColor" : "$colors_primary",
        "SDPageControllerBackgroundColor" : "$colors_primary",
        "font_size" : "0dip",
        "color" : "$colors_on-primary",
        "border" : "none",
        "border_top_left_radius" : "50%",
        "border_top_right_radius" : "50%",
        "border_bottom_right_radius" : "50%",
        "border_bottom_left_radius" : "50%",
        "sd_height_withPercentage" : "40dip",
        "height" : "40dip",
        "sd_width_withPercentage" : "40dip",
        "width" : "40dip",
        "padding-block-start" : "2px",
        "padding-inline-start" : "8px",
        "min-width" : "auto"
    }, { 
        "Name" : "button-rounded--hover",
        "background_color" : "$colors_primary-hover",
        "BackgroundColor" : "$colors_primary-hover",
        "SDPageControllerBackgroundColor" : "$colors_primary-hover"
    }, { 
        "Name" : "button-rounded--focused",
        "background_color" : "$colors_primary",
        "BackgroundColor" : "$colors_primary",
        "SDPageControllerBackgroundColor" : "$colors_primary",
        "outline" : "none",
        "border_color" : "$colors_secondary-enabled",
        "border_width" : "$borders_small",
        "border_style" : "solid",
        "padding-inline-start" : "6px"
    }, { 
        "Name" : "button-rounded--active",
        "background_color" : "$colors_primary-active",
        "BackgroundColor" : "$colors_primary-active",
        "SDPageControllerBackgroundColor" : "$colors_primary-active",
        "box-shadow" : "none",
        "outline" : "none",
        "border" : "none",
        "padding-inline-start" : "8px"
    }, { 
        "Name" : "button-rounded--disabled",
        "font_size" : "0dip",
        "border" : "none",
        "border_top_left_radius" : "50%",
        "border_top_right_radius" : "50%",
        "border_bottom_right_radius" : "50%",
        "border_bottom_left_radius" : "50%",
        "sd_height_withPercentage" : "40dip",
        "height" : "40dip",
        "sd_width_withPercentage" : "40dip",
        "width" : "40dip",
        "padding-block-start" : "2px",
        "padding-inline-start" : "8px",
        "min-width" : "auto",
        "background_color" : "$colors_gray03",
        "BackgroundColor" : "$colors_gray03",
        "SDPageControllerBackgroundColor" : "$colors_gray03",
        "color" : "$colors_on-disabled",
        "cursor" : "auto"
    }, { 
        "Name" : "button-auxiliary",
        "background_color" : "#FFFFFF00",
        "BackgroundColor" : "#FFFFFF00",
        "SDPageControllerBackgroundColor" : "#FFFFFF00",
        "font_size" : "0dip",
        "color" : "$colors_on-primary",
        "border" : "none",
        "border_top_left_radius" : "$radius_s",
        "border_top_right_radius" : "$radius_s",
        "border_bottom_right_radius" : "$radius_s",
        "border_bottom_left_radius" : "$radius_s",
        "sd_height_withPercentage" : "28dip",
        "height" : "28dip",
        "sd_width_withPercentage" : "28dip",
        "width" : "28dip",
        "min-width" : "28px",
        "ThemeButtonHoveredClassReference" : "button-auxiliary--hover",
        "ThemeButtonFocusedClassReference" : "button-auxiliary--focused",
        "ThemeButtonHighlightedClassReference" : "button-auxiliary--active",
        "ThemeButtonDisabledClassReference" : "button-auxiliary--disabled"
    }, { 
        "Name" : "button-auxiliary--hover",
        "background_color" : "$colors_primary-hover-20",
        "BackgroundColor" : "$colors_primary-hover-20",
        "SDPageControllerBackgroundColor" : "$colors_primary-hover-20"
    }, { 
        "Name" : "button-auxiliary--focused",
        "border" : "none",
        "background_color" : "#FFFFFF00",
        "BackgroundColor" : "#FFFFFF00",
        "SDPageControllerBackgroundColor" : "#FFFFFF00",
        "outline-width" : "$borders_small",
        "outline-style" : "solid",
        "outline-color" : "$colors_secondary-enabled",
        "outline-offset" : "-2px",
        "color" : "$colors_primary"
    }, { 
        "Name" : "button-auxiliary--active",
        "color" : "$colors_secondary-active",
        "outline" : "none",
        "background_color" : "#FFFFFF00",
        "BackgroundColor" : "#FFFFFF00",
        "SDPageControllerBackgroundColor" : "#FFFFFF00",
        "box-shadow" : "none"
    }, { 
        "Name" : "button-auxiliary--disabled",
        "color" : "$colors_on-disabled",
        "background_color" : "#FFFFFF00",
        "BackgroundColor" : "#FFFFFF00",
        "SDPageControllerBackgroundColor" : "#FFFFFF00",
        "cursor" : "auto"
    }, { 
        "Name" : "button-icon",
        "line-height" : "25px",
        "cursor" : "pointer"
    }, { 
        "Name" : "Button-1035573207",
        "Selector" : ".Button.button-primary.button-icon",
        "padding-inline-start" : "12px"
    }, { 
        "Name" : "Button-690143628",
        "Selector" : ".Button.button-secondary.button-icon",
        "padding-inline-start" : "10px"
    }, { 
        "Name" : "Button-900662655",
        "Selector" : ".Button.button-tertiary.button-icon",
        "padding-inline-start" : "10px"
    }, { 
        "Name" : "Button-929377945",
        "Selector" : ".Button.button-primary.button-icon.icon-only,\n        .Button.button-secondary.button-icon.icon-only,\n        .Button.button-tertiary.button-icon.icon-only",
        "padding-inline-start" : "2px",
        "padding-inline-end" : "2px",
        "sd_width_withPercentage" : "28dip",
        "width" : "28dip",
        "min-width" : "28px",
        "overflow" : "hidden",
        "font_size" : "0dip"
    }, { 
        "Name" : "attribute-label",
        "color" : "$colors_on-background",
        "font_size" : "$fontsizes_s",
        "font_family" : "$fonts_primary-semibold",
        "padding-block-start" : "4px"
    }, { 
        "Name" : "heading-01",
        "font_family" : "$fonts_primary-bold",
        "font_size" : "$fontsizes_xl",
        "color" : "$colors_on-background",
        "letter-spacing" : "0.25px",
        "line-height" : "32px"
    }, { 
        "Name" : "heading-02",
        "font_family" : "$fonts_primary-bold",
        "color" : "$colors_on-background",
        "font_size" : "$fontsizes_l",
        "letter-spacing" : "0.6px",
        "line-height" : "18px"
    }, { 
        "Name" : "heading-03",
        "color" : "$colors_on-background",
        "font_family" : "$fonts_primary-regular",
        "font_size" : "$fontsizes_m",
        "letter-spacing" : "0.48px",
        "line-height" : "16px"
    }, { 
        "Name" : "heading-04",
        "font_family" : "$fonts_primary-bold",
        "color" : "$colors_on-background",
        "font_size" : "$fontsizes_s",
        "letter-spacing" : "0.38px",
        "line-height" : "13px"
    }, { 
        "Name" : "TextBlock",
        "Selector" : ".TextBlock, .Textblock",
        "color" : "$colors_on-background",
        "font_family" : "$fonts_primary-regular",
        "font_size" : "$fontsizes_s"
    }, { 
        "Name" : "badge",
        "border_top_left_radius" : "20dip",
        "border_top_right_radius" : "20dip",
        "border_bottom_right_radius" : "20dip",
        "border_bottom_left_radius" : "20dip",
        "padding-inline-start" : "20px",
        "padding-inline-end" : "7px",
        "background-repeat" : "no-repeat",
        "background-position" : "5px 5px",
        "background-size" : "8px",
        "border_style" : "solid",
        "border_width" : "1dip",
        "font_family" : "$fonts_primary-regular",
        "font_size" : "13dip",
        "color" : "#000000",
        "white-space" : "nowrap",
        "ThemeLabelClassReference" : "attribute-label"
    }, { 
        "Name" : "-818253188",
        "Selector" : "body[dir=\"rtl\"] [class*=\"badge-\"]",
        "background-position" : "center right 5px"
    }, { 
        "Name" : "badge-success",
        "border_top_left_radius" : "20dip",
        "border_top_right_radius" : "20dip",
        "border_bottom_right_radius" : "20dip",
        "border_bottom_left_radius" : "20dip",
        "padding-inline-start" : "20px",
        "padding-inline-end" : "7px",
        "background-repeat" : "no-repeat",
        "background-position" : "5px 5px",
        "background-size" : "8px",
        "border_style" : "solid",
        "border_width" : "1dip",
        "font_family" : "$fonts_primary-regular",
        "font_size" : "13dip",
        "color" : "#000000",
        "white-space" : "nowrap",
        "background_color" : "$colors_success-light",
        "BackgroundColor" : "$colors_success-light",
        "SDPageControllerBackgroundColor" : "$colors_success-light",
        "border_color" : "$colors_success-dark",
        "background_image" : "9fb193d9-64a4-4d30-b129-ff7c76830f7e-GeneXusUnanimo_dot_green",
        "background-position-y" : "center",
        "ThemeLabelClassReference" : "attribute-label"
    }, { 
        "Name" : "Readonlybadge-success",
        "border_top_left_radius" : "20dip",
        "border_top_right_radius" : "20dip",
        "border_bottom_right_radius" : "20dip",
        "border_bottom_left_radius" : "20dip",
        "padding-inline-start" : "20px",
        "padding-inline-end" : "7px",
        "background-repeat" : "no-repeat",
        "background-position" : "5px 5px",
        "background-size" : "8px",
        "border_style" : "solid",
        "border_width" : "1dip",
        "font_family" : "$fonts_primary-regular",
        "font_size" : "13dip",
        "color" : "#000000",
        "white-space" : "nowrap",
        "background_color" : "$colors_success-light",
        "BackgroundColor" : "$colors_success-light",
        "SDPageControllerBackgroundColor" : "$colors_success-light",
        "border_color" : "$colors_success-dark",
        "background_image" : "9fb193d9-64a4-4d30-b129-ff7c76830f7e-GeneXusUnanimo_dot_green",
        "background-position-y" : "center",
        "ThemeLabelClassReference" : "attribute-label"
    }, { 
        "Name" : "badge-warning",
        "border_top_left_radius" : "20dip",
        "border_top_right_radius" : "20dip",
        "border_bottom_right_radius" : "20dip",
        "border_bottom_left_radius" : "20dip",
        "padding-inline-start" : "20px",
        "padding-inline-end" : "7px",
        "background-repeat" : "no-repeat",
        "background-position" : "5px 5px",
        "background-size" : "8px",
        "border_style" : "solid",
        "border_width" : "1dip",
        "font_family" : "$fonts_primary-regular",
        "font_size" : "13dip",
        "color" : "#000000",
        "white-space" : "nowrap",
        "background_color" : "$colors_warning-light",
        "BackgroundColor" : "$colors_warning-light",
        "SDPageControllerBackgroundColor" : "$colors_warning-light",
        "border_color" : "$colors_warning-dark",
        "background_image" : "9fb193d9-64a4-4d30-b129-ff7c76830f7e-GeneXusUnanimo_dot_yellow",
        "background-position-y" : "center",
        "ThemeLabelClassReference" : "attribute-label"
    }, { 
        "Name" : "Readonlybadge-warning",
        "border_top_left_radius" : "20dip",
        "border_top_right_radius" : "20dip",
        "border_bottom_right_radius" : "20dip",
        "border_bottom_left_radius" : "20dip",
        "padding-inline-start" : "20px",
        "padding-inline-end" : "7px",
        "background-repeat" : "no-repeat",
        "background-position" : "5px 5px",
        "background-size" : "8px",
        "border_style" : "solid",
        "border_width" : "1dip",
        "font_family" : "$fonts_primary-regular",
        "font_size" : "13dip",
        "color" : "#000000",
        "white-space" : "nowrap",
        "background_color" : "$colors_warning-light",
        "BackgroundColor" : "$colors_warning-light",
        "SDPageControllerBackgroundColor" : "$colors_warning-light",
        "border_color" : "$colors_warning-dark",
        "background_image" : "9fb193d9-64a4-4d30-b129-ff7c76830f7e-GeneXusUnanimo_dot_yellow",
        "background-position-y" : "center",
        "ThemeLabelClassReference" : "attribute-label"
    }, { 
        "Name" : "badge-danger",
        "border_top_left_radius" : "20dip",
        "border_top_right_radius" : "20dip",
        "border_bottom_right_radius" : "20dip",
        "border_bottom_left_radius" : "20dip",
        "padding-inline-start" : "20px",
        "padding-inline-end" : "7px",
        "background-repeat" : "no-repeat",
        "background-position" : "5px 5px",
        "background-size" : "8px",
        "border_style" : "solid",
        "border_width" : "1dip",
        "font_family" : "$fonts_primary-regular",
        "font_size" : "13dip",
        "color" : "#000000",
        "white-space" : "nowrap",
        "background_color" : "$colors_error-light",
        "BackgroundColor" : "$colors_error-light",
        "SDPageControllerBackgroundColor" : "$colors_error-light",
        "border_color" : "$colors_error-dark",
        "background_image" : "9fb193d9-64a4-4d30-b129-ff7c76830f7e-GeneXusUnanimo_dot_red",
        "background-position-y" : "center",
        "ThemeLabelClassReference" : "attribute-label"
    }, { 
        "Name" : "Readonlybadge-danger",
        "border_top_left_radius" : "20dip",
        "border_top_right_radius" : "20dip",
        "border_bottom_right_radius" : "20dip",
        "border_bottom_left_radius" : "20dip",
        "padding-inline-start" : "20px",
        "padding-inline-end" : "7px",
        "background-repeat" : "no-repeat",
        "background-position" : "5px 5px",
        "background-size" : "8px",
        "border_style" : "solid",
        "border_width" : "1dip",
        "font_family" : "$fonts_primary-regular",
        "font_size" : "13dip",
        "color" : "#000000",
        "white-space" : "nowrap",
        "background_color" : "$colors_error-light",
        "BackgroundColor" : "$colors_error-light",
        "SDPageControllerBackgroundColor" : "$colors_error-light",
        "border_color" : "$colors_error-dark",
        "background_image" : "9fb193d9-64a4-4d30-b129-ff7c76830f7e-GeneXusUnanimo_dot_red",
        "background-position-y" : "center",
        "ThemeLabelClassReference" : "attribute-label"
    }, { 
        "Name" : "badge-info",
        "border_top_left_radius" : "20dip",
        "border_top_right_radius" : "20dip",
        "border_bottom_right_radius" : "20dip",
        "border_bottom_left_radius" : "20dip",
        "padding-inline-start" : "20px",
        "padding-inline-end" : "7px",
        "background-repeat" : "no-repeat",
        "background-position" : "5px 5px",
        "background-size" : "8px",
        "border_style" : "solid",
        "border_width" : "1dip",
        "font_family" : "$fonts_primary-regular",
        "font_size" : "13dip",
        "white-space" : "nowrap",
        "background_color" : "$colors_primary-hover-20",
        "BackgroundColor" : "$colors_primary-hover-20",
        "SDPageControllerBackgroundColor" : "$colors_primary-hover-20",
        "border_color" : "$colors_primary",
        "background_image" : "9fb193d9-64a4-4d30-b129-ff7c76830f7e-GeneXusUnanimo_dot_purple",
        "color" : "$colors_on-background",
        "background-position-y" : "center",
        "ThemeLabelClassReference" : "attribute-label"
    }, { 
        "Name" : "Readonlybadge-info",
        "border_top_left_radius" : "20dip",
        "border_top_right_radius" : "20dip",
        "border_bottom_right_radius" : "20dip",
        "border_bottom_left_radius" : "20dip",
        "padding-inline-start" : "20px",
        "padding-inline-end" : "7px",
        "background-repeat" : "no-repeat",
        "background-position" : "5px 5px",
        "background-size" : "8px",
        "border_style" : "solid",
        "border_width" : "1dip",
        "font_family" : "$fonts_primary-regular",
        "font_size" : "13dip",
        "white-space" : "nowrap",
        "background_color" : "$colors_primary-hover-20",
        "BackgroundColor" : "$colors_primary-hover-20",
        "SDPageControllerBackgroundColor" : "$colors_primary-hover-20",
        "border_color" : "$colors_primary",
        "background_image" : "9fb193d9-64a4-4d30-b129-ff7c76830f7e-GeneXusUnanimo_dot_purple",
        "color" : "$colors_on-background",
        "background-position-y" : "center",
        "ThemeLabelClassReference" : "attribute-label"
    }, { 
        "Name" : "badge-disabled",
        "border_top_left_radius" : "20dip",
        "border_top_right_radius" : "20dip",
        "border_bottom_right_radius" : "20dip",
        "border_bottom_left_radius" : "20dip",
        "padding-inline-start" : "20px",
        "padding-inline-end" : "7px",
        "background-repeat" : "no-repeat",
        "background-position" : "5px 5px",
        "background-size" : "8px",
        "border_style" : "solid",
        "border_width" : "1dip",
        "font_family" : "$fonts_primary-regular",
        "font_size" : "13dip",
        "white-space" : "nowrap",
        "background_color" : "$colors_gray02",
        "BackgroundColor" : "$colors_gray02",
        "SDPageControllerBackgroundColor" : "$colors_gray02",
        "border_color" : "$colors_border-gray-03",
        "background_image" : "9fb193d9-64a4-4d30-b129-ff7c76830f7e-GeneXusUnanimo_dot_gray",
        "color" : "$colors_on-background",
        "background-position-y" : "center",
        "ThemeLabelClassReference" : "attribute-label"
    }, { 
        "Name" : "Readonlybadge-disabled",
        "border_top_left_radius" : "20dip",
        "border_top_right_radius" : "20dip",
        "border_bottom_right_radius" : "20dip",
        "border_bottom_left_radius" : "20dip",
        "padding-inline-start" : "20px",
        "padding-inline-end" : "7px",
        "background-repeat" : "no-repeat",
        "background-position" : "5px 5px",
        "background-size" : "8px",
        "border_style" : "solid",
        "border_width" : "1dip",
        "font_family" : "$fonts_primary-regular",
        "font_size" : "13dip",
        "white-space" : "nowrap",
        "background_color" : "$colors_gray02",
        "BackgroundColor" : "$colors_gray02",
        "SDPageControllerBackgroundColor" : "$colors_gray02",
        "border_color" : "$colors_border-gray-03",
        "background_image" : "9fb193d9-64a4-4d30-b129-ff7c76830f7e-GeneXusUnanimo_dot_gray",
        "color" : "$colors_on-background",
        "background-position-y" : "center",
        "ThemeLabelClassReference" : "attribute-label"
    }, { 
        "Name" : "Grid",
        "background_color" : "$colors_form-container-bg",
        "BackgroundColor" : "$colors_form-container-bg",
        "SDPageControllerBackgroundColor" : "$colors_form-container-bg",
        "font_family" : "$fonts_primary-bold",
        "font_size" : "$fontsizes_s",
        "color" : "$colors_on-background",
        "border-bottom-width" : "$borders_extra-small",
        "border-bottom-style" : "solid",
        "border-bottom-color" : "$colors_gray01",
        "padding-block" : "7px",
        "padding-inline-start" : "$spacing_inset-s",
        "padding-inline-end" : "$spacing_inset-s",
        "cursor" : "pointer"
    }, { 
        "Name" : "grid-row",
        "text-align" : "start",
        "padding-inline-start" : "$spacing_inset-s",
        "padding-inline-end" : "$spacing_inset-s",
        "border-bottom-width" : "$borders_extra-small",
        "border-bottom-style" : "solid",
        "border-bottom-color" : "$colors_gray01"
    }, { 
        "Name" : "grid-row-highlight",
        "text-align" : "start",
        "padding-inline-start" : "$spacing_inset-s",
        "padding-inline-end" : "$spacing_inset-s",
        "border-bottom-width" : "$borders_extra-small",
        "border-bottom-style" : "solid",
        "border-bottom-color" : "$colors_gray01",
        "cursor" : "pointer"
    }, { 
        "Name" : "gx-row-selected",
        "background_color" : "$colors_row-active",
        "BackgroundColor" : "$colors_row-active",
        "SDPageControllerBackgroundColor" : "$colors_row-active",
        "-webkit-box-shadow" : "-3px 0px 0px 0px $colors_primary",
        "box-shadow" : "-3px 0px 0px 0px $colors_primary"
    }, { 
        "Name" : "gx-grid__row-delete",
        "Selector" : ".gx-grid__row-delete, .gx-grid__row-add",
        "content" : "9fb193d9-64a4-4d30-b129-ff7c76830f7e-GeneXusUnanimo_minus_light",
        "sd_width_withPercentage" : "18dip",
        "width" : "18dip",
        "padding_top" : "5dip"
    }, { 
        "Name" : "gx-grid__row-add",
        "content" : "9fb193d9-64a4-4d30-b129-ff7c76830f7e-GeneXusUnanimo_plus_light"
    }, { 
        "Name" : "RowDeleted",
        "text_decoration" : "line-through"
    }, { 
        "Name" : "column",
        "sd_width_withPercentage" : "100%",
        "padding-inline-start" : "$spacing_inset-s",
        "padding-inline-end" : "$spacing_inset-s",
        "border-bottom-width" : "1px",
        "border-bottom-color" : "$colors_gray01",
        "border-bottom-style" : "solid",
        "ThemeGridColumnHeaderClassReference" : "column"
    }, { 
        "Name" : "column-241726545",
        "Selector" : ".column, .column-optional",
        "overflow" : "hidden",
        "text-overflow" : "ellipsis",
        "color" : "$colors_on-background"
    }, { 
        "Name" : "sort-ico--asc",
        "content" : "9fb193d9-64a4-4d30-b129-ff7c76830f7e-GeneXusUnanimo_arrow_asc"
    }, { 
        "Name" : "sort-ico--desc",
        "content" : "9fb193d9-64a4-4d30-b129-ff7c76830f7e-GeneXusUnanimo_arrow_desc"
    }, { 
        "Name" : "card",
        "background_color" : "$colors_form-container-bg",
        "BackgroundColor" : "$colors_form-container-bg",
        "SDPageControllerBackgroundColor" : "$colors_form-container-bg",
        "border_top_left_radius" : "$radius_xl",
        "border_top_right_radius" : "$radius_xl",
        "border_bottom_right_radius" : "$radius_xl",
        "border_bottom_left_radius" : "$radius_xl",
        "box-shadow" : "$shadows_xxs"
    }, { 
        "Name" : "card-body",
        "padding_top" : "$spacing_inset-m",
        "padding_right" : "$spacing_inset-m",
        "padding_bottom" : "$spacing_inset-m",
        "padding_left" : "$spacing_inset-m"
    }, { 
        "Name" : "card-heading",
        "box-shadow" : "0px 1px 1px $colors_gray01",
        "padding_top" : "$spacing_inset-m",
        "padding_right" : "$spacing_inset-m",
        "padding_bottom" : "$spacing_inset-m",
        "padding_left" : "$spacing_inset-m",
        "font_family" : "$fonts_primary-bold",
        "font_size" : "$fontsizes_s",
        "letter-spacing" : "$spacing_letter-spacing-s",
        "color" : "$colors_on-background"
    }, { 
        "Name" : "card-footer",
        "box-shadow" : "0px -1px 1px $colors_gray01",
        "padding_top" : "$spacing_inset-m",
        "padding_right" : "$spacing_inset-m",
        "padding_bottom" : "$spacing_inset-m",
        "padding_left" : "$spacing_inset-m"
    }, { 
        "Name" : "tab-item",
        "font_family" : "$fonts_primary-semibold",
        "font_size" : "$fontsizes_s",
        "letter-spacing" : "0.4px",
        "text_decoration" : "none",
        "color" : "$colors_surface-negative",
        "padding_top" : "5dip",
        "padding_right" : "5dip",
        "padding_bottom" : "5dip",
        "padding_left" : "5dip",
        "ThemeTabPageHoveredClass" : "tab-item--hover",
        "ThemeTabPageSelectedClass" : "tab-item--selected"
    }, { 
        "Name" : "tab-item--hover",
        "border-bottom-color" : "$colors_primary-hover"
    }, { 
        "Name" : "tab-item--selected",
        "font_family" : "$fonts_primary-semibold",
        "font_size" : "$fontsizes_s",
        "letter-spacing" : "0.4px",
        "border-bottom-color" : "$colors_primary-active",
        "border-bottom-style" : "solid",
        "border-bottom-width" : "3px",
        "text_decoration" : "none",
        "color" : "$colors_on-background"
    }, { 
        "Name" : "HeaderContainer",
        "background_color" : "$colors_header-bg",
        "BackgroundColor" : "$colors_header-bg",
        "SDPageControllerBackgroundColor" : "$colors_header-bg",
        "sd_height_withPercentage" : "60dip",
        "height" : "60dip",
        "border-bottom-width" : "2px",
        "border-bottom-style" : "solid",
        "border-bottom-color" : "$colors_header-separator-bg",
        "margin_top" : "0",
        "margin_right" : "-15dip",
        "margin_left" : "-15dip",
        "margin_bottom" : "$spacing_stack-xxl"
    }, { 
        "Name" : "header__title",
        "font_family" : "$fonts_primary-bold",
        "font_size" : "$fontsizes_xl",
        "letter-spacing" : "0.25px",
        "line-height" : "32px",
        "color" : "$colors_on-secondary"
    }, { 
        "Name" : "header__logo",
        "max-width" : "100px"
    }, { 
        "Name" : "sidebar__toggle-ico",
        "margin_top" : "1dip",
        "display" : "none",
        "margin-inline-end" : "$spacing_inset-s"
    }, { 
        "Name" : "sidebar__toggle-ico-259777350",
        "Selector" : ".sidebar__toggle-ico:hover",
        "cursor" : "pointer"
    }, { 
        "Name" : "stack-top-m",
        "margin_top" : "$spacing_stack-m"
    }, { 
        "Name" : "stack-top-l",
        "margin_top" : "$spacing_stack-l"
    }, { 
        "Name" : "stack-top-xl",
        "margin_top" : "$spacing_stack-xl"
    }, { 
        "Name" : "stack-top-xxl",
        "margin_top" : "$spacing_stack-xxl"
    }, { 
        "Name" : "stack-top-xxxl",
        "margin_top" : "$spacing_stack-xxxl"
    }, { 
        "Name" : "stack-top-xxxxl",
        "margin_top" : "$spacing_stack-xxxxl"
    }, { 
        "Name" : "stack-bottom-m",
        "margin_bottom" : "$spacing_stack-m"
    }, { 
        "Name" : "stack-bottom-l",
        "margin_bottom" : "$spacing_stack-l"
    }, { 
        "Name" : "stack-bottom-xl",
        "margin_bottom" : "$spacing_stack-xl"
    }, { 
        "Name" : "stack-bottom-xxl",
        "margin_bottom" : "$spacing_stack-xxl"
    }, { 
        "Name" : "stack-bottom-xxxl",
        "margin_bottom" : "$spacing_stack-xxxl"
    }, { 
        "Name" : "stack-bottom-xxxxl",
        "margin_bottom" : "$spacing_stack-xxxxl"
    }, { 
        "Name" : "inline-left-l",
        "margin-inline-start" : "$spacing_inline-l"
    }, { 
        "Name" : "inline-left-xl",
        "margin-inline-start" : "$spacing_inline-xl"
    }, { 
        "Name" : "inline-left-xxl",
        "margin-inline-start" : "$spacing_inline-xxl"
    }, { 
        "Name" : "inline-left-xxxl",
        "margin-inline-start" : "$spacing_inline-xxxl"
    }, { 
        "Name" : "inline-right-l",
        "margin-inline-end" : "$spacing_inline-l"
    }, { 
        "Name" : "inline-right-xl",
        "margin-inline-end" : "$spacing_inline-xl"
    }, { 
        "Name" : "inline-right-xxl",
        "margin-inline-end" : "$spacing_inline-xxl"
    }, { 
        "Name" : "inline-right-xxxl",
        "margin-inline-end" : "$spacing_inline-xxxl"
    }, { 
        "Name" : "inset-s",
        "padding_top" : "$spacing_inset-s",
        "padding_right" : "$spacing_inset-s",
        "padding_bottom" : "$spacing_inset-s",
        "padding_left" : "$spacing_inset-s"
    }, { 
        "Name" : "inset-m",
        "padding_top" : "$spacing_inset-m",
        "padding_right" : "$spacing_inset-m",
        "padding_bottom" : "$spacing_inset-m",
        "padding_left" : "$spacing_inset-m"
    }, { 
        "Name" : "inset-l",
        "padding_top" : "$spacing_inset-l",
        "padding_right" : "$spacing_inset-l",
        "padding_bottom" : "$spacing_inset-l",
        "padding_left" : "$spacing_inset-l"
    }, { 
        "Name" : "w-100",
        "sd_width_withPercentage" : "100%"
    }, { 
        "Name" : "h-100",
        "sd_height_withPercentage" : "100%"
    }, { 
        "Name" : "bg-white",
        "background" : "$colors_surface"
    }, { 
        "Name" : "text-transparent",
        "color" : "#FFFFFF00"
    }, { 
        "Name" : "text-black",
        "color" : "#00000001"
    }, { 
        "Name" : "text-white",
        "color" : "#FFFFFF01"
    }, { 
        "Name" : "text-gray-500",
        "color" : "#6B728001"
    }, { 
        "Name" : "light",
        "font_family" : "$fonts_primary-light",
        "font_weight" : "300"
    }, { 
        "Name" : "normal",
        "font_family" : "$fonts_primary-regular"
    }, { 
        "Name" : "bold",
        "font_family" : "$fonts_primary-bold"
    }, { 
        "Name" : "mt-0",
        "margin-block-start" : "0px"
    }, { 
        "Name" : "mr-0",
        "margin-inline-end" : "0px"
    }, { 
        "Name" : "mb-0",
        "margin-block-end" : "0px"
    }, { 
        "Name" : "ml-0",
        "margin-inline-start" : "0px"
    } ],
    "Media" : [ { 
        "Query" : "screen and (max-width: 767px)",
        "Styles" : [ { 
            "Name" : "column-optional",
            "display" : "none"
        }, { 
            "Name" : "header__title",
            "font_size" : "$fontsizes_m"
        }, { 
            "Name" : "header__logo",
            "max-width" : "60px"
        }, { 
            "Name" : "sidebar__toggle-ico",
            "display" : "block"
        }, { 
            "Name" : "HeaderContainer",
            "margin_bottom" : "$spacing_stack-l"
        } ]
    } ],
    "Fonts" : [ { 
        "Name" : "SourceSansPro-Light",
        "InternalName" : "Source Sans Pro-Light",
        "FileName" : "SourceSansPro-Light.ttf",
        "File" : "GeneXusUnanimo.Unanimo_SourceSansPro-Light_ttf"
    }, { 
        "Name" : "SourceSansPro-Regular",
        "InternalName" : "Source Sans Pro-Regular",
        "FileName" : "SourceSansPro-Regular.ttf",
        "File" : "GeneXusUnanimo.Unanimo_SourceSansPro-Regular_ttf"
    }, { 
        "Name" : "SourceSansPro-SemiBold",
        "InternalName" : "Source Sans Pro-SemiBold",
        "FileName" : "SourceSansPro-SemiBold.ttf",
        "File" : "GeneXusUnanimo.Unanimo_SourceSansPro-SemiBold_ttf"
    }, { 
        "Name" : "SourceSansPro-Bold",
        "InternalName" : "Source Sans Pro-Bold",
        "FileName" : "SourceSansPro-Bold.ttf",
        "File" : "GeneXusUnanimo.Unanimo_SourceSansPro-Bold_ttf"
    } ]
}